ts,trade_id,symbol,RangeA_ATR,BodyA_ATR,RangeB_ATR,BodyB_ATR,WickB_Ratio,SumOppBody5_ATR,RangeExpansion,TimeoutProgress,TouchNextBarFVG,is_extremum_forecast,rr_ext,has_open_fvg_in_range,DistanceToExt_ATR,SumOpp_from_Ext_ATR,SumOpp_from_Ext_N_ATR,SumOpp_from_Ext_over_Dist,fc_beyond_bar,fc_count_upto_bar,ATR_regime_ratio,Session_Asian,Session_London,Session_NY,is_London_open,is_NY_open,open_order_ticket,is_profitable,profit
2015.01.28 12:00:00,4,EURUSD.TDS,1.641236,0.474135,1.698549,1.396353,0.125767,3.07406,1.194796,1.0,1,1,1.651934,0,2.973011,6.955713,0.695571,0.00449,1,3,0.602802,0,1,0,1,0,,0,-999.12
2015.02.06 12:00:00,6,EURUSD.TDS,1.289266,0.063277,1.914124,0.506215,0.628099,2.483616,1.314146,0.333333,0,1,3.257353,0,3.607912,5.536723,0.69209,0.00194,1,2,0.515615,0,1,0,1,0,,0,-999.6
2015.03.03 11:00:00,8,EURUSD.TDS,1.642288,0.831282,2.524258,1.723389,0.309237,3.598841,1.910975,0.333333,0,1,0.449393,0,1.055707,5.271542,0.753077,0.004926,1,2,0.642764,0,1,0,1,0,,1,449.55
2015.04.17 11:00:00,12,EURUSD.TDS,2.143426,0.645418,2.243028,1.454183,0.321492,1.828685,1.908151,0.0,0,1,0.645963,0,1.265353,3.47012,0.433765,0.006883,1,1,0.883343,0,1,0,1,0,,1,645.84
2015.05.25 11:00:00,14,EURUSD.TDS,1.094714,0.909692,2.014684,1.572687,0.158163,1.464758,1.430657,0.0,1,1,0.266467,0,0.447557,2.759912,0.459985,0.011998,0,1,0.764739,0,1,0,1,0,,1,266.11
2015.05.29 11:00:00,16,EURUSD.TDS,2.178256,1.210142,1.973876,1.828659,0.0,2.377257,1.417536,0.0,0,1,0.308108,0,0.580364,2.73761,0.456268,0.00877,1,2,0.878914,0,1,0,1,0,,1,307.8
2015.06.08 12:00:00,18,EURUSD.TDS,2.110211,1.579254,2.355267,2.092058,0.105973,2.949757,1.466516,0.333333,1,1,0.626298,0,1.510581,3.657699,0.522528,0.005336,1,2,0.776511,0,1,0,1,0,,0,-999.94
2015.06.09 17:00:00,20,EURUSD.TDS,1.299953,0.437706,1.411848,0.8063,0.331002,2.142454,1.514296,0.666667,0,1,2.504,0,2.839309,3.705689,0.529384,0.003966,1,3,1.067157,0,0,1,0,1,,1,2458.94
2015.07.02 11:00:00,24,EURUSD.TDS,1.969058,0.210033,2.146273,1.063291,0.333333,2.664791,1.675634,0.333333,1,1,0.98556,0,1.701692,2.664791,0.532958,0.002386,1,1,0.555979,0,1,0,1,0,,0,-999.97
2015.08.03 11:00:00,26,EURUSD.TDS,1.758223,0.729603,1.680478,1.429304,0.078292,2.015378,0.979094,0.333333,1,1,0.18251,0,0.267409,3.576249,0.447031,0.022363,1,3,0.886679,0,1,0,1,0,,1,182.4
2015.08.05 11:00:00,28,EURUSD.TDS,1.511737,0.017926,1.440034,0.537772,0.489627,1.21895,1.399535,0.0,1,1,1.189394,0,1.063377,0.699104,0.174776,0.0011,0,2,0.751538,0,1,0,1,0,,1,1190.06
2015.08.19 17:00:00,32,EURUSD.TDS,3.63172,0.15681,1.166667,0.163082,0.086022,1.837814,1.289875,0.333333,1,1,1.643836,0,2.122999,0.15681,0.15681,0.000118,1,1,0.981726,0,0,1,0,1,,1,1645.2
2015.08.20 12:00:00,34,EURUSD.TDS,1.862006,0.788016,2.21153,1.258284,0.060345,2.1734,1.522976,0.333333,0,1,0.134986,0,0.316275,1.823877,0.455969,0.009074,1,1,0.858001,0,1,0,1,0,,1,134.75
2015.09.11 16:00:00,36,EURUSD.TDS,1.189465,0.279524,1.248938,0.838573,0.247619,2.170773,1.203783,0.333333,0,1,1.269388,0,1.842573,1.581988,0.527329,0.001444,1,1,0.899358,0,1,1,0,1,,1,1268.88
2015.09.21 12:00:00,38,EURUSD.TDS,1.246264,0.823262,1.491878,1.082521,0.0,2.560754,1.432002,0.666667,1,1,0.844512,0,1.198764,3.465887,0.495127,0.006357,1,3,1.125253,0,1,0,1,0,,1,844.85
2015.09.23 16:00:00,40,EURUSD.TDS,1.075867,0.07325,1.83584,1.41465,0.209476,2.888816,2.042792,0.666667,0,1,0.591422,0,1.087137,4.12034,0.515043,0.008279,0,2,1.13398,0,1,1,0,1,,0,-1001.18
2015.09.29 17:00:00,42,EURUSD.TDS,1.497962,0.965353,2.377717,1.53125,0.162,3.457201,2.684564,0.666667,0,1,1.004587,0,1.829356,3.457201,0.69144,0.003974,1,1,1.027685,0,0,1,0,1,,0,-1039.77
2015.10.26 16:00:00,44,EURUSD.TDS,1.098606,0.462571,2.132163,1.192566,0.016949,2.833247,2.028188,0.666667,1,1,0.606154,0,1.294836,2.385132,0.596283,0.002549,1,1,0.826552,0,1,1,0,1,,1,606.76
2015.12.30 12:00:00,50,EURUSD.TDS,1.086567,0.135821,1.556716,0.501493,0.181208,2.120896,0.98545,0.333333,0,1,2.708333,0,3.34313,6.425373,0.642537,0.00184,1,4,0.725766,0,1,0,1,0,,1,2752.63
2016.02.29 11:00:00,54,EURUSD.TDS,1.365302,0.965517,3.243534,2.700431,0.032558,2.911638,2.402235,0.333333,0,1,0.220624,0,0.59907,5.317888,0.531789,0.011768,0,3,0.890719,0,1,0,1,0,,1,220.8
2016.05.02 11:00:00,58,EURUSD.TDS,1.133773,0.646671,1.881224,0.688662,0.111607,1.889622,1.474169,0.0,1,1,0.641791,0,1.04635,1.318536,0.329634,0.0015,0,1,0.724148,0,1,0,1,0,,1,642.42
2016.05.06 17:00:00,60,EURUSD.TDS,4.833997,0.613546,2.361222,0.644533,0.566929,0.89243,2.822222,0.666667,0,1,0.714545,0,2.128433,3.941567,0.262771,0.002988,1,4,1.136663,0,0,1,0,1,,1,718.57
2016.05.09 11:00:00,62,EURUSD.TDS,1.934673,1.329648,2.265327,1.625126,0.279503,3.953769,1.699657,0.333333,1,1,0.498113,0,0.875829,3.770854,0.942714,0.00612,1,1,0.92081,0,1,0,1,0,,1,497.64
2016.05.17 12:00:00,66,EURUSD.TDS,1.795437,1.02439,1.828482,1.520063,0.13253,3.998426,1.596922,0.666667,1,1,0.841772,0,1.365103,2.533438,1.266719,0.001685,1,1,0.80499,0,1,0,1,0,,1,841.89
2016.06.13 16:00:00,68,EURUSD.TDS,0.889503,0.01547,1.732597,1.438674,0.03125,2.38232,1.671018,1.0,1,1,0.686347,0,1.333333,3.248619,0.406077,0.00315,1,1,1.067569,0,1,1,0,1,,0,-999.99
2016.07.06 12:00:00,70,EURUSD.TDS,1.305444,0.014113,2.378024,0.65625,0.31454,1.785282,1.785904,0.333333,1,1,0.857143,0,1.26691,1.785282,0.357056,0.001997,1,1,0.789766,0,1,0,1,0,,0,-1000.23
2016.07.19 12:00:00,72,EURUSD.TDS,2.532027,0.727958,2.321025,0.727958,0.495455,2.025622,1.934066,1.0,1,1,1.364238,0,1.976696,3.819141,0.424349,0.001831,1,3,0.687468,0,1,0,1,0,,0,-999.62
2016.08.01 16:00:00,76,EURUSD.TDS,1.12,0.702222,1.208889,0.764444,0.360294,3.822222,1.117961,0.333333,0,1,3.306122,0,2.86183,7.84,0.653333,0.003082,0,4,0.827184,0,1,1,0,1,,1,3120.71
2016.09.14 11:00:00,82,EURUSD.TDS,2.045617,0.878118,1.736279,1.107627,0.172414,2.145403,1.414634,0.333333,1,1,0.984127,0,1.828652,3.083393,0.440485,0.00169,1,3,0.70844,0,1,0,1,0,,0,-999.81
2016.10.17 11:00:00,86,EURUSD.TDS,1.082126,0.7343,2.164251,1.362319,0.174107,2.531401,1.617329,0.333333,1,1,0.659459,0,1.200281,2.666667,0.444444,0.002299,0,1,0.699335,0,1,0,1,0,,0,-1000.85
2016.10.18 12:00:00,88,EURUSD.TDS,1.338473,0.1835,1.003855,0.215883,0.483871,1.964534,0.940819,0.333333,1,1,0.722222,0,0.962236,1.446415,0.361604,0.001393,1,2,0.68045,0,1,0,1,0,,0,-1000.44
2016.10.28 12:00:00,90,EURUSD.TDS,1.378356,0.33035,2.004882,1.173312,0.107955,3.041497,1.433809,0.666667,0,1,1.239362,0,2.56044,4.852726,0.539192,0.001664,1,3,0.804024,0,1,0,1,0,,0,-1000.16
2016.11.18 12:00:00,94,EURUSD.TDS,1.753641,0.227216,0.873908,0.576779,0.066667,1.85851,0.691882,0.333333,1,1,1.11039,0,0.982759,2.126509,0.354418,0.003714,0,2,0.846051,0,1,0,1,0,,0,-999.46
2016.11.30 11:00:00,97,EURUSD.TDS,1.203909,0.793485,3.66645,3.018893,0.079602,2.608469,2.527507,0.333333,1,1,0.110811,0,0.3316,2.608469,0.521694,0.008625,1,1,0.696779,0,1,0,1,0,,1,110.7
2016.12.16 11:00:00,100,EURUSD.TDS,1.382808,0.657768,1.681794,1.285638,0.151111,2.511479,1.109194,0.0,0,1,3.244019,0,4.918135,7.429792,0.742979,0.002021,0,4,0.697133,0,1,0,1,0,,0,-999.02
2017.01.18 11:00:00,102,EURUSD.TDS,0.824029,0.203883,2.404126,1.129854,0.477032,3.024272,1.831715,0.333333,0,1,1.811688,0,2.126293,8.656553,0.786959,0.004792,0,4,0.700148,0,1,0,1,0,,0,-999.46
2017.03.02 12:00:00,106,EURUSD.TDS,1.321101,0.247706,1.816514,1.504587,0.09596,2.302752,1.500568,0.333333,1,1,0.181818,0,0.342159,1.477064,0.738532,0.004705,1,1,0.731083,0,1,0,1,0,,1,181.8
2017.06.01 17:00:00,114,EURUSD.TDS,1.64148,0.269932,0.93382,0.510683,0.335937,2.794164,0.973384,0.333333,0,1,1.766497,0,2.455645,3.808233,0.544033,0.002126,1,2,1.033673,0,0,1,0,1,,1,1676.16
2017.06.26 11:00:00,116,EURUSD.TDS,1.695502,0.096886,2.858131,1.453287,0.40113,3.051903,2.110912,0.666667,1,1,0.481707,0,1.102692,4.71511,0.589389,0.002648,1,1,0.797259,0,1,0,1,0,,0,-1000.4
2017.07.14 12:00:00,118,EURUSD.TDS,1.560241,0.126506,1.338855,0.948795,0.015748,2.646084,1.074905,0.333333,0,1,2.358491,0,3.868828,9.77259,0.651506,0.002396,1,4,0.740486,0,1,0,1,0,,0,-1000.11
2017.08.03 17:00:00,124,EURUSD.TDS,1.889748,0.411128,1.182895,0.699639,0.408537,2.315301,1.121751,0.666667,1,1,1.214286,0,1.640571,1.810407,0.452602,0.00153,1,2,0.912567,0,0,1,0,1,,0,-999.6
2017.08.08 11:00:00,126,EURUSD.TDS,1.163205,0.311573,1.589021,0.238872,0.69281,1.900593,1.428571,0.0,1,1,2.877193,0,1.615764,1.589021,0.397255,0.000947,1,1,0.656827,0,1,0,1,0,,0,-999.78
2017.08.25 12:00:00,128,EURUSD.TDS,2.390892,1.447818,2.842505,2.098672,0.233645,3.347249,2.324823,0.333333,0,1,1.169565,0,3.260606,14.053131,0.780729,0.003245,1,4,0.712937,0,1,0,1,0,,1,1170.15
2017.10.24 12:00:00,130,EURUSD.TDS,1.929089,0.304593,1.218372,1.004029,0.175926,1.590653,1.003717,0.333333,1,1,0.265116,0,0.671717,1.522965,0.507655,0.00201,1,1,0.609528,0,1,0,1,0,,1,265.05
2017.12.14 11:00:00,140,EURUSD.TDS,1.031652,0.387735,1.447082,0.560831,0.550239,1.897132,1.332059,0.0,0,1,1.108974,0,1.17118,1.897132,0.379426,0.00234,1,2,1.20664,0,1,0,1,0,,1,1108.93
2018.02.12 17:00:00,148,EURUSD.TDS,1.894389,1.132013,1.582508,1.132013,0.080292,3.523102,1.616042,0.666667,1,1,1.234657,0,1.860863,3.523102,0.70462,0.003278,1,2,0.876333,0,0,1,0,1,,1,1234.62
2018.03.05 11:00:00,150,EURUSD.TDS,1.421523,0.320343,2.542724,1.982124,0.177165,2.517698,2.565009,0.0,0,1,0.723327,0,1.756587,4.049339,0.578477,0.004606,0,1,1.304606,0,1,0,1,0,,1,691.33
2018.03.06 11:00:00,151,EURUSD.TDS,1.817544,0.425731,1.309942,0.433918,0.45,1.989474,1.068447,0.0,1,1,2.252336,0,1.946913,1.989474,0.397895,0.001248,1,2,0.682864,0,1,0,1,0,,1,2253.35
2018.05.02 12:00:00,164,EURUSD.TDS,2.438411,0.463576,2.818543,1.511258,0.226974,3.430464,2.028695,0.333333,0,1,0.563863,0,1.494104,5.748344,0.718543,0.00415,0,3,0.760582,0,1,0,1,0,,1,564.72
2018.05.16 12:00:00,168,EURUSD.TDS,1.711642,0.409157,1.834389,0.709206,0.420074,2.516318,1.437734,0.333333,1,1,1.239766,0,1.431051,1.834389,0.458597,0.00188,0,2,0.909749,0,1,0,1,0,,1,1240.2
2018.06.20 11:00:00,170,EURUSD.TDS,1.7553,0.483343,2.518474,0.856451,0.535354,2.509994,2.118402,0.333333,0,1,1.338129,0,1.449082,2.543913,0.423985,0.00207,1,1,0.706732,0,1,0,1,0,,0,-999.41
2018.07.23 11:00:00,172,EURUSD.TDS,1.219786,0.424958,2.234963,1.101743,0.376761,2.604834,1.856209,0.0,0,1,0.977654,0,1.289474,2.604834,0.520967,0.002567,1,1,0.902351,0,1,0,1,0,,0,-1000.61
2018.08.13 11:00:00,176,EURUSD.TDS,1.216764,0.22123,1.476469,0.822398,0.221498,2.717279,1.417359,0.0,1,1,0.291925,0,0.427689,1.192717,0.596359,0.005799,0,1,1.496421,0,1,0,1,0,,0,-1001.42
2018.08.21 17:00:00,178,EURUSD.TDS,1.379919,0.700257,1.405664,0.993748,0.043956,2.528135,1.633752,0.666667,1,1,0.601911,0,0.907096,2.867966,0.477994,0.00614,1,3,1.368796,0,0,1,0,1,,1,601.02
2018.08.23 12:00:00,180,EURUSD.TDS,1.216266,0.284658,1.145102,0.26525,0.711864,2.141405,1.130629,0.333333,1,1,1.954128,0,1.52454,0.983364,0.327788,0.000997,1,2,0.916709,0,1,0,1,0,,0,-999.53
2018.11.08 11:00:00,186,EURUSD.TDS,2.047365,0.099467,1.533452,0.447602,0.2,1.060983,1.363301,0.0,0,1,1.209459,0,1.537423,0.099467,0.099467,7.8e-05,1,1,0.753761,0,1,0,1,0,,1,1210.04
2018.12.05 17:00:00,188,EURUSD.TDS,0.749568,0.01612,2.933794,2.635579,0.016484,2.023028,3.413033,0.333333,0,1,0.162304,0,0.43662,2.949914,0.491652,0.008383,1,2,0.953345,0,0,1,0,1,,1,162.44
2019.02.14 11:00:00,190,EURUSD.TDS,2.459316,0.926236,4.279848,2.821293,0.243781,3.68365,3.396705,0.333333,1,1,0.303977,0,0.908981,3.68365,0.73673,0.003806,0,1,1.17389,0,1,0,1,0,,0,-999.68
2019.04.29 16:00:00,194,EURUSD.TDS,1.136415,0.26832,2.54115,0.678692,0.360248,2.462232,2.188987,0.333333,1,1,1.147059,0,1.609037,2.209696,0.736565,0.00087,1,1,0.679595,0,1,1,0,1,,1,1146.6
2019.06.06 17:00:00,196,EURUSD.TDS,3.437624,1.510891,3.590099,2.183168,0.200772,4.421782,4.142343,0.666667,0,1,0.985321,0,3.002396,3.569307,1.784653,0.001715,1,1,1.447918,0,0,1,0,1,,0,-994.03
2019.08.15 11:00:00,204,EURUSD.TDS,1.732809,0.013752,1.56778,0.041257,0.666667,1.829077,1.089345,0.333333,0,1,3.346154,0,2.337812,2.833006,0.404715,0.000881,1,2,0.682303,0,1,0,1,0,,0,-999.96
2019.09.10 16:00:00,206,EURUSD.TDS,1.176471,0.313725,1.045752,0.457516,0.4375,2.784314,1.096642,1.0,0,1,3.671053,0,3.518919,5.30719,0.408245,0.001154,1,3,0.794423,0,1,1,0,1,,0,-1000.16
2019.10.24 16:00:00,208,EURUSD.TDS,1.170608,0.875,3.949324,3.334459,0.131737,3.263514,4.246662,0.666667,0,1,0.44898,0,1.240268,3.0625,0.765625,0.002088,1,1,1.192572,0,1,1,0,1,,0,-999.6
2019.11.08 12:00:00,210,EURUSD.TDS,1.875441,0.279671,2.237368,1.924794,0.036765,2.632197,1.602829,0.666667,0,1,0.134503,0,0.357381,4.26087,0.532609,0.007247,0,1,0.749871,0,1,0,1,0,,1,134.55
2019.11.12 12:00:00,212,EURUSD.TDS,2.101983,0.753541,2.399433,1.626062,0.272727,3.410765,2.289499,0.333333,0,1,0.753623,0,1.893368,5.750708,0.479226,0.001532,1,3,0.748484,0,1,0,1,0,,0,-1000.5
2019.12.13 11:00:00,216,EURUSD.TDS,0.287592,0.086278,0.926048,0.672966,0.229814,1.857847,0.918688,0.0,1,1,1.524138,0,1.24307,1.857847,0.371569,0.002598,0,1,2.012728,0,1,0,1,0,,0,-1000.5
2019.12.30 16:00:00,220,EURUSD.TDS,0.828225,0.189594,1.357092,0.518888,0.022059,1.925873,1.394872,0.666667,1,1,1.203008,0,1.532148,2.434783,0.405797,0.001593,0,2,1.500149,0,1,1,0,1,,1,1203.2
2020.02.06 11:00:00,222,EURUSD.TDS,1.744479,0.55205,4.394322,1.611987,0.080402,2.119874,3.19166,0.0,0,1,0.098361,0,0.318182,2.84858,0.356073,0.004054,1,1,0.719823,0,1,0,1,0,,1,98.28
2020.02.25 16:00:00,226,EURUSD.TDS,0.843497,0.061719,1.429831,0.473181,0.633094,3.836885,1.291822,0.333333,0,1,2.853211,0,3.015235,7.324026,0.610336,0.002361,1,2,0.924681,0,1,1,0,1,,1,2851.87
2020.05.21 17:00:00,236,EURUSD.TDS,1.882658,0.109034,2.049844,0.676012,0.666667,2.871236,2.305805,0.666667,1,1,1.5,0,2.149909,3.758048,0.626341,0.002405,1,2,1.132042,0,0,1,0,1,,1,1498.56
2020.06.17 11:00:00,240,EURUSD.TDS,1.227273,0.636364,2.545455,1.281818,0.021429,2.2,1.657786,0.666667,1,1,1.421245,0,3.167347,5.981818,0.664646,0.002077,1,3,0.590225,0,1,0,1,0,,1,1420.08
2020.06.19 11:00:00,242,EURUSD.TDS,1.777429,0.230408,1.503135,0.438871,0.569343,1.53605,1.023534,0.666667,1,1,2.989011,0,3.123872,4.191223,0.465691,0.001223,0,2,0.493774,0,1,0,1,0,,0,-1000.09
2020.10.21 16:00:00,252,EURUSD.TDS,1.555556,0.681558,1.571592,0.962199,0.178571,2.87858,1.740675,0.333333,1,1,0.363208,0,0.574933,2.469645,0.823215,0.005357,0,1,1.138074,0,1,1,0,1,,1,363.44
2020.10.22 12:00:00,254,EURUSD.TDS,2.991165,1.484337,2.159036,1.900402,0.119792,2.75502,1.747043,0.333333,1,1,0.271111,0,0.630724,2.215261,0.553815,0.003123,1,2,0.828079,0,1,0,1,0,,1,270.84
2020.11.10 12:00:00,260,EURUSD.TDS,1.721311,1.134791,2.562842,1.785064,0.154229,2.448087,1.837294,0.666667,0,1,0.307902,0,0.652371,4.870674,0.487067,0.011711,1,1,0.761958,0,1,0,1,0,,1,307.36
2020.12.09 16:00:00,262,EURUSD.TDS,1.515815,0.272506,1.56691,0.919708,0.016304,3.040146,1.714818,0.333333,1,1,1.372449,0,2.125282,3.040146,0.608029,0.00168,1,2,0.92719,0,1,1,0,1,,0,-999.6
2020.12.21 12:00:00,266,EURUSD.TDS,2.608033,2.002078,2.215374,2.040859,0.07221,3.049169,2.54242,0.333333,1,1,0.142023,0,0.313401,2.002078,2.002078,0.013178,1,1,1.624716,0,1,0,1,0,,1,142.35
2020.12.24 17:00:00,268,EURUSD.TDS,0.916074,0.019915,1.991465,0.079659,0.43,2.439545,1.8596,0.666667,1,1,2.330435,0,2.518121,3.27596,0.409495,0.001307,1,3,0.596441,0,0,1,0,1,,0,-1157.52
2021.01.21 11:00:00,272,EURUSD.TDS,1.99674,1.300733,2.578647,1.437653,0.238938,2.07661,1.71277,0.0,1,1,0.348837,0,0.606061,1.734311,0.867156,0.002508,1,1,0.819682,0,1,0,1,0,,1,348.6
2021.04.07 11:00:00,278,EURUSD.TDS,2.255626,0.478848,2.091809,1.121512,0.168675,1.80198,1.684424,0.333333,1,1,0.201342,0,0.351464,0.478848,0.478848,0.001081,0,1,0.80125,0,1,0,1,0,,1,201.3
2021.04.08 12:00:00,280,EURUSD.TDS,1.755486,0.263323,0.998433,0.263323,0.692308,1.503135,0.849277,0.333333,0,1,1.728814,0,2.462069,3.324451,0.332445,0.001231,1,3,0.794205,0,1,0,1,0,,0,-999.46
2021.05.10 12:00:00,286,EURUSD.TDS,2.360746,1.238424,3.434692,2.215619,0.121127,3.405667,1.977716,0.333333,0,1,0.178363,0,0.504132,3.405667,0.681133,0.006982,0,1,0.982268,0,1,0,1,0,,1,178.12
2021.05.12 17:00:00,288,EURUSD.TDS,4.848148,0.738889,3.940741,1.860185,0.159539,1.587963,4.646542,0.666667,1,1,0.572549,0,1.493061,0.738889,0.738889,0.000764,1,1,1.448739,0,0,1,0,1,,1,572.32
2021.05.27 12:00:00,290,EURUSD.TDS,1.52623,0.860656,4.004918,2.708197,0.068768,2.398361,3.053368,0.333333,0,1,0.236025,0,0.716981,2.398361,0.479672,0.002915,1,1,0.887135,0,1,0,1,0,,1,242.01
2021.07.14 11:00:00,298,EURUSD.TDS,1.328859,0.42953,1.785235,1.033557,0.0,2.134228,1.027821,0.333333,1,1,0.931298,0,1.696127,2.348993,0.391499,0.001032,0,2,0.637076,0,1,0,1,0,,0,-999.53
2021.08.06 11:00:00,304,EURUSD.TDS,1.334158,0.641089,1.871287,0.675743,0.472222,1.75,1.273585,0.0,1,1,1.017857,0,0.956835,1.420792,0.473597,0.000857,1,1,0.605058,0,1,0,1,0,,1,1018.02
2021.09.07 11:00:00,310,EURUSD.TDS,2.397554,0.06422,3.360856,1.134557,0.382166,2.461774,2.836495,0.0,1,1,0.651852,0,1.579487,2.461774,0.492355,0.000728,1,2,0.67536,0,1,0,1,0,,0,-1000.35
2021.09.21 12:00:00,312,EURUSD.TDS,2.24674,0.645938,1.97994,1.039117,0.205674,1.97994,1.658824,0.333333,0,1,0.358491,0,0.736842,1.97994,0.395988,0.001914,1,2,0.856689,0,1,0,1,0,,1,358.53
2021.09.24 11:00:00,314,EURUSD.TDS,1.764848,0.305455,1.713939,0.509091,0.287129,2.562424,1.175786,0.0,0,1,1.638889,0,1.909827,6.787879,0.754209,0.002094,1,6,0.630931,0,1,0,1,0,,0,-1000.08
2021.11.01 16:00:00,320,EURUSD.TDS,0.913043,0.598551,1.136232,0.568116,0.267857,2.952174,1.078998,0.666667,0,1,4.445783,0,3.643159,6.442029,0.585639,0.001743,0,3,0.838626,0,1,1,0,1,,0,-1000.15
2021.12.03 17:00:00,322,EURUSD.TDS,3.159261,0.943585,1.845232,1.195207,0.333333,2.823764,2.147214,0.333333,0,1,0.282178,0,0.726115,2.823764,0.564753,0.005564,1,1,1.024556,0,0,1,0,1,,1,282.72
2021.12.27 11:00:00,324,EURUSD.TDS,1.221594,1.160075,2.135593,1.546767,0.078189,1.801632,2.037736,0.0,0,1,0.40991,0,0.767932,3.383553,0.483365,0.005013,1,1,1.109899,0,1,0,1,0,,1,409.5
2021.12.30 16:00:00,326,EURUSD.TDS,2.172266,1.470984,3.455101,3.386683,0.014851,4.618204,3.903382,0.333333,1,1,0.09828,0,0.29819,3.549175,1.183058,0.013917,1,1,1.238166,0,1,1,0,1,,1,98.4
2022.02.11 16:00:00,332,EURUSD.TDS,1.399392,0.669274,1.727944,0.924815,0.038732,2.786615,1.579972,0.333333,0,1,0.749091,0,1.242033,2.445893,0.611473,0.003237,1,1,1.131772,0,1,1,0,1,,1,749.84
2022.04.05 12:00:00,338,EURUSD.TDS,1.953226,0.643548,2.596774,1.580645,0.256522,2.370968,2.077687,1.0,1,1,0.354067,0,0.768546,3.996774,0.444086,0.004606,1,1,0.627829,0,1,0,1,0,,1,353.72
2022.04.13 16:00:00,342,EURUSD.TDS,1.583678,0.282025,1.424587,0.940083,0.152284,2.719008,1.461424,1.0,1,1,0.221477,0,0.444231,3.731405,0.621901,0.011616,0,2,0.924514,0,1,1,0,1,,1,221.76
2022.04.28 12:00:00,344,EURUSD.TDS,2.486216,1.52381,2.055138,1.93985,0.02439,3.142857,1.76079,0.333333,1,1,0.712245,0,1.608295,2.130326,1.065163,0.002643,0,1,1.188069,0,1,0,1,0,,1,711.96
2022.06.03 17:00:00,350,EURUSD.TDS,2.733773,0.962596,2.887789,2.148515,0.208,3.134213,3.30251,0.333333,0,1,0.474328,0,1.25799,4.29703,0.477448,0.004436,1,2,1.010101,0,0,1,0,1,,0,-1042.0
2022.08.17 17:00:00,358,EURUSD.TDS,1.591051,0.557494,1.3217,0.526174,0.350711,2.630872,1.514173,0.666667,0,1,1.313084,0,1.643962,4.178076,0.417808,0.004057,1,3,1.142653,0,0,1,0,1,,1,1312.27
2022.09.08 12:00:00,362,EURUSD.TDS,1.987699,1.191184,1.399282,1.162481,0.005128,2.812916,1.009317,0.666667,1,1,0.788018,0,1.209702,1.191184,1.191184,0.001372,1,1,0.720989,0,1,0,1,0,,1,788.31
2022.09.30 11:00:00,368,EURUSD.TDS,2.026499,1.145412,1.924478,1.54422,0.137349,2.355747,1.491733,0.333333,1,1,0.259346,0,0.481115,2.541239,0.42354,0.01139,1,1,0.800841,0,1,0,1,0,,1,259.74
2022.11.08 12:00:00,374,EURUSD.TDS,2.21921,1.394225,2.631703,1.70772,0.00627,4.529169,2.143097,1.0,1,1,0.94704,0,2.209761,5.692398,0.56924,0.003123,1,4,0.623045,0,1,0,1,0,,1,948.48
2022.11.14 12:00:00,2,EURUSD,1.334812,0.889874,1.883222,1.645233,0.120879,2.664449,1.6167,0.333333,1,1,0.381201,0,0.7,2.302291,0.76743,0.006357,1,1,0.850531,0,1,0,1,0,,1,375.68
2022.12.16 11:00:00,8,EURUSD,2.146179,1.66113,2.345515,1.634551,0.13881,2.239203,1.350679,0.0,1,1,0.233553,0,0.463403,1.66113,1.66113,0.005395,1,1,0.749209,0,1,0,1,0,,0,-1007.15
2022.12.23 11:00:00,10,EURUSD,2.091667,1.808333,2.466667,1.966667,0.202703,3.916667,1.908446,0.666667,1,1,1.216216,0,2.36588,5.725,0.715625,0.002904,1,2,0.751943,0,1,0,1,0,,0,-1007.95
2023.01.24 11:00:00,12,EURUSD,1.506264,0.103169,3.033161,1.392778,0.295918,2.238762,2.403925,0.666667,0,1,1.247826,0,2.605707,4.807664,0.400639,0.001788,1,2,0.625545,0,1,0,1,0,,1,1239.01
2023.01.26 16:00:00,14,EURUSD,1.369135,0.791408,2.793669,0.775579,0.164306,3.031091,2.917355,0.666667,0,1,0.895623,0,1.862931,3.031091,0.606218,0.002056,0,2,0.905607,0,1,1,0,1,,0,-1008.22
2023.03.14 16:00:00,26,EURUSD,2.942263,0.732871,2.457275,1.47652,0.221491,2.484219,2.833178,0.666667,1,1,0.716381,0,1.372825,2.484219,0.496844,0.003358,1,2,1.191601,0,1,1,0,1,,0,-1003.21
2023.03.20 11:00:00,28,EURUSD,1.87437,0.34663,2.400734,0.365887,0.195187,2.984869,2.148808,0.0,0,1,0.956667,0,1.646721,2.580468,0.645117,0.002441,1,2,0.887528,0,1,0,1,0,,1,948.59
2023.04.05 16:00:00,32,EURUSD,1.146143,0.435724,2.405954,1.581867,0.204724,2.510149,2.532403,0.666667,0,1,0.662338,0,1.289585,5.503383,0.611487,0.004505,0,3,0.762245,0,1,1,0,1,,0,-1009.7
2023.04.06 12:00:00,34,EURUSD,1.842405,0.534525,1.910642,0.830219,0.363095,2.297319,1.178121,1.0,1,1,0.826816,0,1.596302,2.297319,0.459464,0.001265,1,1,0.59293,0,1,0,1,0,,0,-1012.82
2023.04.17 12:00:00,36,EURUSD,1.379562,0.541606,2.994161,2.759124,0.027304,2.983942,1.915033,0.333333,0,1,0.088319,0,0.281088,2.789781,0.697445,0.009712,1,1,0.832825,0,1,0,1,0,,1,82.1
2023.05.15 12:00:00,38,EURUSD,1.634847,0.570899,1.829472,0.687674,0.184397,2.400371,1.430746,0.666667,0,1,2.086207,0,2.915663,4.100093,0.512512,0.001084,0,3,0.658297,0,1,0,1,0,,0,-1018.68
2023.06.16 12:00:00,40,EURUSD,1.946809,0.468085,1.638298,0.840426,0.194805,2.170213,0.987813,0.666667,0,1,0.706587,0,1.19971,0.468085,0.468085,0.000367,0,1,0.729382,0,1,0,1,0,,1,693.69
2023.08.18 17:00:00,50,EURUSD,1.902081,0.651163,1.98776,1.310894,0.241379,2.561812,2.012142,0.666667,1,1,0.891473,0,1.755725,3.298654,0.412332,0.002193,1,3,1.002493,0,0,1,0,1,,1,813.92
2023.09.01 12:00:00,58,EURUSD,1.616628,0.689761,1.08853,0.808314,0.217822,2.554273,0.818145,0.333333,0,1,1.776786,0,2.151351,1.066975,0.533487,0.00046,1,1,0.749036,0,1,0,1,0,,0,-1019.56
2023.09.15 17:00:00,62,EURUSD,1.636238,0.416321,1.75242,1.103734,0.325967,1.75242,1.795635,0.333333,1,1,0.415205,0,0.640877,1.481328,0.370332,0.002387,1,1,0.882795,0,0,1,0,1,,1,402.87
2023.09.19 11:00:00,64,EURUSD,1.079108,0.141988,2.868154,2.243408,0.039604,1.547667,2.140964,0.0,0,1,0.227979,0,0.571429,4.415822,0.441582,0.005442,1,3,0.643236,0,1,0,1,0,,1,216.84
2023.09.26 17:00:00,66,EURUSD,0.961691,0.59181,1.96037,1.27609,0.316038,3.273448,2.140333,0.666667,0,1,1.321429,0,1.842324,3.273448,0.65469,0.001921,0,1,0.929646,0,0,1,0,1,,1,1308.32
2023.09.28 16:00:00,68,EURUSD,0.871565,0.141335,3.109366,1.813797,0.012626,3.588334,3.014846,0.666667,0,1,0.769821,0,1.972846,6.203029,0.516919,0.004004,0,2,1.248597,0,1,1,0,1,,0,-1006.37
2023.10.10 11:00:00,71,EURUSD,1.365854,0.009485,1.707317,0.96748,0.038889,1.9729,1.496881,0.0,0,1,0.672414,0,1.204412,1.915989,0.478997,0.001677,1,1,0.645624,0,1,0,1,0,,1,660.58
2023.11.10 17:00:00,74,EURUSD,1.408177,0.635951,1.744322,1.453602,0.119792,3.225178,1.52502,0.666667,0,1,0.83,0,1.402535,3.225178,0.645036,0.002531,1,2,1.077275,0,0,1,0,1,,0,-1001.61
2023.12.07 17:00:00,78,EURUSD,2.930586,1.59436,1.647505,1.518438,0.0,3.211497,1.849169,0.666667,0,1,0.532143,0,1.045614,2.87744,1.43872,0.003625,0,2,1.008319,0,0,1,0,1,,0,-1007.31
2024.01.19 12:00:00,84,EURUSD,1.65617,0.250213,1.620426,0.679149,0.147059,1.441702,1.175454,0.333333,1,1,0.446667,0,0.768223,1.429787,0.357447,0.001562,1,3,0.713889,0,1,0,1,0,,1,432.36
2024.01.22 12:00:00,86,EURUSD,1.612193,0.675699,1.469941,0.628281,0.419355,3.034716,1.238143,0.333333,1,1,1.242424,0,1.393204,1.529213,0.764606,0.000926,1,1,0.705633,0,1,0,1,0,,0,-1021.89
2024.02.08 12:00:00,88,EURUSD,2.39173,0.426551,1.630033,0.868335,0.121495,1.767138,1.198208,0.333333,1,1,0.387755,0,0.821833,1.051143,0.525571,0.00084,1,1,0.643281,0,1,0,1,0,,0,-1014.25
2024.02.13 11:00:00,90,EURUSD,1.768421,0.088421,1.812632,0.530526,0.430894,1.503158,1.490909,0.0,1,1,0.666667,0,0.936087,1.370526,0.342632,0.000993,1,1,0.77455,0,1,0,1,0,,1,645.31
2024.03.25 12:00:00,92,EURUSD,2.093694,0.012613,1.273874,0.491892,0.386139,2.156757,1.095445,0.333333,1,1,0.596154,0,0.741247,0.012613,0.012613,1.3e-05,1,1,0.854395,0,1,0,1,0,,1,575.61
2024.05.17 11:00:00,96,EURUSD,1.531532,0.27027,1.945946,0.684685,0.12963,1.801802,1.463415,0.0,1,1,0.473684,0,0.773956,1.495495,0.498498,0.001072,1,2,0.691812,0,1,0,1,0,,1,450.99
2024.07.01 17:00:00,100,EURUSD,0.835821,0.080367,0.892078,0.522388,0.396396,3.078071,0.987984,0.333333,0,1,1.398693,0,1.66537,2.9093,0.727325,0.002174,0,1,1.302783,0,0,1,0,1,,0,-1014.67
2024.07.11 11:00:00,102,EURUSD,1.438356,0.076712,1.457534,1.054795,0.065789,1.284932,1.320591,0.0,1,1,0.067568,0,0.096154,1.131507,0.282877,0.006136,1,1,0.643895,0,1,0,1,0,,1,38.26
2024.08.21 12:00:00,104,EURUSD,2.617886,0.497967,1.621951,0.583333,0.350877,1.038618,1.212121,0.666667,1,1,1.740741,0,1.922103,1.920732,0.320122,0.000702,0,2,0.810346,0,1,0,1,0,,0,-1027.79
2024.09.04 16:00:00,106,EURUSD,1.411444,0.35604,1.614896,0.279746,0.0,1.525886,1.53753,0.666667,1,1,0.793651,0,1.230228,0.8901,0.2967,0.000569,1,1,0.781964,0,1,1,0,1,,1,776.43
2024.09.26 11:00:00,108,EURUSD,1.217949,0.487179,3.128205,2.397436,0.04918,2.230769,2.059941,0.333333,0,1,0.573276,0,1.588737,4.25641,0.472934,0.00209,1,3,0.742854,0,1,0,1,0,,0,-1009.54
2024.10.25 11:00:00,114,EURUSD,1.454318,1.086358,2.400501,1.489362,0.233577,2.330413,1.765464,0.0,0,1,0.528302,0,0.982456,3.294118,0.470588,0.001914,1,3,0.658307,0,1,0,1,0,,1,507.65
2024.10.30 16:00:00,116,EURUSD,1.976362,0.946815,3.042679,2.730138,0.02719,2.877216,3.22298,0.333333,0,1,0.446629,0,1.227122,2.371635,0.790545,0.002102,1,1,1.369677,0,1,1,0,1,,1,440.69
2024.11.01 16:00:00,118,EURUSD,4.817099,1.795375,2.35459,1.726699,0.129167,2.982481,2.492212,0.333333,1,1,0.443243,0,1.403423,2.747022,0.915674,0.001995,1,2,1.093912,0,1,1,0,1,,1,436.94
2024.12.12 17:00:00,120,EURUSD,2.656994,0.349391,3.940801,2.795125,0.024742,3.315148,4.186448,0.333333,0,1,0.232465,0,0.75711,3.112014,0.778003,0.005059,1,1,1.124444,0,0,1,0,1,,0,-1002.19
2024.12.20 12:00:00,122,EURUSD,1.809886,0.842839,1.481622,0.833967,0.42515,2.998733,1.133356,0.333333,0,1,2.551282,0,3.517677,2.288973,0.762991,0.000733,0,1,0.772898,0,1,0,1,0,,0,-1013.29
2025.01.31 11:00:00,126,EURUSD,1.448043,0.642823,1.772837,1.339778,0.145038,1.339778,1.389552,0.0,0,1,0.264085,0,0.47043,1.475109,0.245851,0.004634,1,1,1.058311,0,1,0,1,0,,1,256.69
2025.02.07 17:00:00,130,EURUSD,4.552147,0.773006,2.00409,1.46728,0.171429,2.956033,2.185792,0.666667,0,1,0.811966,0,1.9,0.773006,0.773006,0.000568,1,1,0.907182,0,0,1,0,1,,0,-1006.25
2025.03.27 11:00:00,136,EURUSD,1.531961,0.591549,1.607801,0.8039,0.04717,3.00325,1.315545,0.0,1,1,0.513889,0,0.787234,1.456121,0.728061,0.002439,1,2,1.012142,0,1,0,1,0,,1,503.94
2025.05.05 12:00:00,138,EURUSD,1.158709,0.853115,1.362437,0.853115,0.303738,2.298317,0.963747,0.333333,1,1,1.384106,0,1.300444,1.5598,0.519933,0.001884,1,1,0.810358,0,1,0,1,0,,1,1368.56
2025.05.20 12:00:00,142,EURUSD,1.805986,1.350877,2.087719,1.278638,0.380623,4.124871,1.946783,0.666667,0,1,2.040609,0,2.674905,4.124871,0.824974,0.002135,1,2,0.873471,0,1,0,1,0,,0,-1012.22
2025.06.17 11:00:00,148,EURUSD,1.582192,0.335616,1.454338,0.335616,0.692308,1.38242,1.329923,0.333333,1,1,1.082759,0,1.216381,1.334475,0.333619,0.001373,1,1,0.700472,0,1,0,1,0,,0,-1016.47
2025.06.20 12:00:00,152,EURUSD,0.811721,0.034913,1.317955,0.558603,0.264901,2.330424,1.170089,0.333333,1,1,0.798387,0,0.836451,1.160848,0.386949,0.00159,1,2,0.731687,0,1,0,1,0,,1,779.35
2025.07.22 12:00:00,158,EURUSD,1.268335,0.567731,2.33132,1.497843,0.259067,2.101812,1.789522,1.0,1,1,1.083333,0,2.01105,4.264021,0.533003,0.001755,1,1,0.600039,0,1,0,1,0,,0,-1013.5
2025.08.22 17:00:00,162,EURUSD,0.948622,0.416977,2.251675,0.865227,0.12963,2.606106,2.376238,0.333333,1,1,1.045198,0,1.72093,2.856292,0.476049,0.001592,0,2,0.889532,0,0,1,0,1,,0,-1013.18
2025.08.25 11:00:00,164,EURUSD,1.79164,1.269453,2.142765,1.530547,0.138655,2.466881,1.357285,0.0,1,1,0.170306,0,0.344045,2.223794,0.741265,0.007179,1,1,0.861264,0,1,0,1,0,,1,160.21
2025.09.23 12:00:00,168,EURUSD,2.022427,0.360158,1.967018,1.080475,0.126761,2.484169,1.762516,0.333333,0,1,0.700405,0,1.459916,2.419525,0.604881,0.001795,1,2,0.845316,0,1,0,1,0,,0,-1082.98
2025.09.26 11:00:00,170,EURUSD,1.158105,0.252168,1.372915,0.625751,0.312925,2.278853,0.991234,0.333333,0,1,2.5,0,2.660677,4.45497,0.556871,0.001793,0,3,0.848775,0,1,0,1,0,,0,-1021.14
2025.10.15 17:00:00,172,EURUSD,1.177966,0.211864,1.805085,0.813559,0.211268,2.076271,2.00754,0.333333,1,1,1.076923,0,1.394636,1.728814,0.432203,0.001463,1,1,0.92775,0,0,1,0,1,,1,1063.65
2025.10.16 12:00:00,174,EURUSD,1.343137,0.205882,1.107843,0.686275,0.106195,2.137255,0.928894,0.333333,1,1,1.050633,0,1.608304,2.137255,0.427451,0.001355,1,2,0.761504,0,1,0,1,0,,1,1036.0
2025.10.28 12:00:00,176,EURUSD,1.701724,0.362069,1.665517,0.57931,0.137681,2.027586,1.547953,0.333333,1,1,0.925,0,1.261364,1.665517,0.416379,0.001094,1,2,0.904267,0,1,0,1,0,,0,-1019.0
2025.11.10 12:00:00,178,EURUSD,1.470245,0.383897,0.800467,0.326721,0.418367,2.368728,0.778705,0.666667,1,1,1.785235,0,2.272117,3.275379,0.545897,0.001765,1,3,1.141516,0,1,0,1,0,,1,1769.37
2025.11.12 11:00:00,180,EURUSD,1.094463,0.243214,1.626493,1.018458,0.028037,2.584148,1.208357,0.0,0,1,0.663636,0,1.038618,1.824104,0.608035,0.001155,1,1,0.680691,0,1,0,1,0,,1,642.54
2025.11.17 11:00:00,182,EURUSD,1.083789,0.752277,2.040073,1.275046,0.25625,2.894353,1.420328,0.0,1,1,0.689076,0,0.977021,1.644809,0.822404,0.00132,1,1,0.785906,0,1,0,1,0,,1,669.32
2025.11.26 17:00:00,186,EURUSD,2.596364,1.454545,2.530909,1.92,0.091954,2.967273,2.680015,0.333333,0,1,0.536278,0,1.090742,2.967273,0.593455,0.003741,1,2,1.286936,0,0,1,0,1,,1,528.19
2025.12.09 11:00:00,190,EURUSD,1.311475,0.672131,2.606557,0.803279,0.295597,2.098361,1.816105,0.0,1,1,0.482143,0,0.808556,1.491803,0.745902,0.001125,1,1,0.719491,0,1,0,1,0,,1,461.41
2025.12.31 16:00:00,194,EURUSD,1.298084,0.84751,1.920307,1.405364,0.03352,3.862069,1.988889,0.333333,1,1,1.258621,0,2.136585,3.443678,0.86092,0.001502,1,1,1.096801,0,1,1,0,1,,0,-972.25
2026.01.26 11:00:00,196,EURUSD,1.190136,0.572356,0.985724,0.654121,0.299539,1.721609,1.081485,0.0,1,1,2.6,0,1.985242,3.020766,0.503461,0.00335,0,3,1.593461,0,1,0,1,0,,0,-1013.52
2026.01.27 12:00:00,198,EURUSD,1.428571,0.268908,2.605042,2.386555,0.025806,3.042017,2.084034,0.666667,0,1,0.4677,0,1.357985,5.142857,0.514286,0.004507,0,2,0.922575,0,1,0,1,0,,1,460.84
2026.02.10 16:00:00,202,EURUSD,1.637701,1.020053,2.339572,1.179144,0.32,2.835561,2.426007,0.333333,0,1,1.22093,0,1.819307,6.532086,0.54434,0.003837,1,3,0.959193,0,1,1,0,1,,1,1206.24
2026.02.19 12:00:00,206,EURUSD,1.020295,0.077491,1.162362,0.167897,0.144444,2.105166,0.852676,0.666667,1,1,2.909091,0,2.969697,3.073801,0.384225,0.000801,0,2,0.797138,0,1,0,1,0,,1,2879.16
