ts;trade_id;symbol;RangeA_ATR;BodyA_ATR;RangeB_ATR;BodyB_ATR;WickB_Ratio;SumOppBody5_ATR;RangeExpansion;TimeoutProgress;TouchNextBarFVG;is_extremum_forecast;rr_ext;has_open_fvg_in_range;DistanceToExt_ATR;SumOpp_from_Ext_ATR;SumOpp_from_Ext_N_ATR;SumOpp_from_Ext_over_Dist;fc_beyond_bar;fc_count_upto_bar;ATR_regime_ratio;Session_Asian;Session_London;Session_NY;is_London_open;is_NY_open;open_order_ticket;is_profitable;profit
2005.02.07 11:00:00;2;EURUSD.TDS;1.569322;0.113569;0.862094;0.717552;0.107784;1.987463;0.61829;0.0;1;1;1.09697;0;0.954066;1.207965;0.402655;0.002453;0;2;0.989015;0;1;0;1;0;;0;-999.9
2005.03.01 16:00:00;4;EURUSD.TDS;1.393963;0.768326;1.953744;1.750686;0.016854;2.255586;1.915523;0.333333;0;1;0.592486;0;1.018092;2.831831;0.404547;0.005068;1;2;0.905607;0;1;1;0;1;;1;597.7
2005.04.21 12:00:00;6;EURUSD.TDS;1.579285;0.904857;1.315134;1.107186;0.025641;2.293055;0.996593;1.0;1;1;0.53876;0;0.761942;2.135688;0.533922;0.004987;0;3;0.801205;0;1;0;1;0;;0;-1001.04
2005.07.28 12:00:00;8;EURUSD.TDS;1.396937;0.57593;1.433698;0.99256;0.07265;1.715536;1.092947;0.333333;0;1;0.739437;0;1.26072;1.997374;0.285339;0.002586;1;2;0.774872;0;1;0;1;0;;1;739.2
2005.08.16 12:00:00;10;EURUSD.TDS;1.171946;0.348416;2.286878;1.666063;0.130194;2.147511;2.083694;0.333333;1;1;0.292105;0;0.643212;1.735747;0.433937;0.00426;1;2;0.850662;0;1;0;1;0;;1;291.93
2005.09.09 16:00:00;12;EURUSD.TDS;0.683502;0.075421;2.111785;1.531987;0.245536;1.43771;2.254655;0.333333;1;1;0.478365;0;0.841946;2.102357;0.350393;0.005297;1;1;1.045138;0;1;1;0;1;;1;477.6
2005.09.14 11:00:00;14;EURUSD.TDS;1.370711;0.503766;2.067782;0.790795;0.203966;1.482008;1.692234;0.0;1;1;0.55516;0;0.854126;0.773222;0.257741;0.001545;1;1;0.823357;0;1;0;1;0;;1;555.36
2005.09.15 16:00:00;16;EURUSD.TDS;0.76373;0.588279;2.038334;1.290085;0.316456;1.8216;2.235427;0.333333;1;1;0.649194;0;0.76355;1.67711;0.419278;0.004256;0;1;0.949581;0;1;1;0;1;;1;648.83
2005.11.01 16:00:00;18;EURUSD.TDS;1.472695;0.238138;1.836168;1.504029;0.047782;2.343778;1.853844;0.666667;0;1;0.833333;0;1.578723;5.395703;0.415054;0.005454;1;2;0.831941;0;1;1;0;1;;0;-998.52
2005.11.03 11:00:00;20;EURUSD.TDS;1.108832;0.095726;0.949288;0.087749;0.184874;1.882621;0.701858;0.0;0;1;1.913793;0;1.801739;2.185755;0.312251;0.001521;1;3;0.633365;0;1;0;1;0;;0;-999.92
2005.11.11 12:00:00;22;EURUSD.TDS;0.50348;0.156999;1.245166;0.433101;0.565217;1.99768;1.089531;0.666667;1;1;2.571429;0;1.726816;2.766435;0.461072;0.002959;0;3;0.743685;0;1;0;1;0;;0;-999.6
2005.12.26 12:00:00;24;EURUSD.TDS;1.096238;0.36133;1.439195;0.630796;0.021277;1.641295;1.252331;0.333333;1;1;1.009901;0;1.190992;1.641295;0.328259;0.00225;1;2;0.962754;0;1;0;1;0;;0;-999.9
2006.01.04 11:00:00;26;EURUSD.TDS;1.336137;0.117761;0.593335;0.353284;0.236641;1.096085;0.524525;0.0;1;1;1.52381;0;1.322401;1.019088;0.254772;0.001701;0;2;1.322553;0;1;0;1;0;;1;1523.52
2006.03.17 11:00:00;28;EURUSD.TDS;1.090129;0.901288;2.154506;1.60515;0.211155;2.283262;1.426542;0.666667;1;1;0.724891;0;1.31448;3.896996;0.433;0.003454;0;3;0.819307;0;1;0;1;0;;1;725.42
2006.03.23 12:00:00;30;EURUSD.TDS;1.024606;0.150158;0.812618;0.379811;0.043478;1.369085;0.648344;0.333333;1;1;1.719626;0;1.659794;0.980442;0.24511;0.000669;1;1;0.67799;0;1;0;1;0;;1;1720.4
2006.04.27 16:00:00;32;EURUSD.TDS;1.939362;0.892838;1.610037;0.987977;0.136364;3.929953;1.560284;0.666667;0;1;1.871111;0;2.907745;6.264506;0.522042;0.002944;0;3;0.794905;0;1;1;0;1;;1;1869.24
2006.06.12 11:00:00;34;EURUSD.TDS;1.917241;0.365517;1.737931;1.282759;0.142857;1.958621;1.121995;0.0;1;1;0.302857;0;0.687674;2.062069;0.343678;0.004348;1;2;0.747484;0;1;0;1;0;;1;303.16
2006.07.06 12:00:00;36;EURUSD.TDS;0.952493;0.328446;1.609384;1.009971;0.372449;2.430499;1.261261;0.666667;0;1;1.45509;0;1.929665;5.02522;0.502522;0.003172;1;3;0.720303;0;1;0;1;0;;0;-1000.33
2006.08.02 16:00:00;38;EURUSD.TDS;0.988998;0.389114;1.96989;0.47018;0.444444;2.334684;1.738197;0.666667;0;1;3.025862;0;2.634853;2.885929;0.412276;0.001351;0;2;0.756402;0;1;1;0;1;;0;-999.92
2006.08.14 16:00:00;40;EURUSD.TDS;0.856158;0.711456;1.60379;1.091301;0.052632;3.086994;1.526542;0.666667;1;1;0.915751;0;1.489996;2.70112;0.67528;0.003007;1;1;0.862629;0;1;1;0;1;;0;-999.18
2006.10.09 16:00:00;42;EURUSD.TDS;0.974247;0.245479;1.265753;0.866849;0.236364;1.703014;1.230884;0.333333;0;1;1.284091;0;1.668776;5.109041;0.425753;0.003991;0;3;0.865508;0;1;1;0;1;;0;-989.37
2007.01.10 11:00:00;44;EURUSD.TDS;1.10828;0.33758;1.318471;0.745223;0.111111;2.261146;1.243617;0.0;1;1;1.859649;0;1.947507;2.261146;0.452229;0.001823;0;1;0.897551;0;1;0;1;0;;0;-1000.35
2007.01.25 12:00:00;46;EURUSD.TDS;1.039189;0.213001;1.923467;1.136007;0.288591;3.040111;1.727536;1.0;1;1;0.817241;0;1.440729;4.130936;0.516367;0.004442;1;4;1.00756;0;1;0;1;0;;1;817.65
2007.02.16 17:00:00;48;EURUSD.TDS;2.311868;0.528059;1.687213;0.830727;0.114504;2.421343;1.771467;0.666667;0;1;2.032;0;3.080121;5.151794;0.343453;0.002597;0;5;1.037893;0;0;1;0;1;;1;1887.62
2007.03.06 12:00:00;50;EURUSD.TDS;0.78825;0.142799;0.879641;0.594043;0.24026;3.055896;0.844993;0.666667;0;1;2.620253;0;2.339927;5.397797;0.53978;0.004039;0;4;0.973415;0;1;0;1;0;;0;-988.64
2007.04.19 17:00:00;52;EURUSD.TDS;1.497472;0.108907;0.653442;0.163361;0.416667;1.878646;0.714924;0.333333;1;1;0.945455;0;1.410853;1.824193;0.456048;0.002374;1;1;1.097401;0;0;1;0;1;;0;-1001.0
2007.05.04 11:00:00;54;EURUSD.TDS;1.308497;1.11634;2.891503;2.095425;0.053797;2.918954;2.508932;0.0;0;1;0.373737;0;0.891566;2.699346;0.899782;0.003309;0;2;0.874377;0;1;0;1;0;;0;-1000.89
2007.05.22 11:00:00;56;EURUSD.TDS;1.272727;0.763636;2.405455;1.285455;0.359788;2.863636;2.035541;0.0;1;1;0.861314;0;1.338736;2.507273;0.835758;0.001472;1;1;0.75882;0;1;0;1;0;;1;861.4
2007.09.03 12:00:00;58;EURUSD.TDS;1.60884;0.054144;1.01326;0.448619;0.282443;1.80221;0.755697;0.333333;0;1;3.255556;0;2.263797;2.869613;0.286961;0.001639;1;5;0.661565;0;1;0;1;0;;1;3255.23
2007.10.30 12:00:00;60;EURUSD.TDS;1.248103;0.509863;1.359636;0.945372;0.242188;2.182853;1.354856;0.333333;1;1;0.693182;0;0.930283;1.152504;0.576252;0.002333;1;1;0.995723;0;1;0;1;0;;0;-1000.56
2007.12.03 11:00:00;62;EURUSD.TDS;1.569736;0.727438;2.386509;2.190823;0.026738;2.284412;2.090553;0.333333;1;1;0.293578;0;0.772414;3.356427;0.419553;0.010215;0;2;0.931483;0;1;0;1;0;;1;293.76
2008.01.23 17:00:00;64;EURUSD.TDS;2.176436;1.512252;1.718094;1.451872;0.070288;4.792002;1.742519;0.666667;0;1;1.797468;0;2.907495;5.983141;0.664793;0.007498;1;4;1.140579;0;0;1;0;1;;1;1709.33
2008.01.29 12:00:00;66;EURUSD.TDS;1.437781;0.362069;1.416792;0.488006;0.422222;2.592204;1.166559;1.0;1;1;1.451163;0;1.56503;3.6994;0.336309;0.004505;0;4;0.688777;0;1;0;1;0;;0;-999.75
2008.02.04 11:00:00;68;EURUSD.TDS;1.729837;0.951132;1.952324;1.240366;0.031339;2.575288;1.194284;0.0;0;1;1.009375;0;1.741911;4.566547;0.456655;0.004713;1;2;0.71053;0;1;0;1;0;;1;1016.67
2008.02.20 11:00:00;70;EURUSD.TDS;1.692174;0.146087;2.306957;1.016522;0.361478;2.428696;2.059223;0.333333;0;1;1.739496;0;2.303657;4.82087;0.401739;0.003438;0;6;0.849742;0;1;0;1;0;;0;-999.6
2008.03.17 17:00:00;72;EURUSD.TDS;1.44698;0.678218;0.850763;0.734594;0.090361;2.167907;0.908593;0.666667;1;1;1.796895;0;2.420162;3.442343;0.430293;0.008326;0;3;1.438384;0;0;1;0;1;;0;-1020.45
2008.03.27 12:00:00;74;EURUSD.TDS;1.382756;0.4132;1.109459;0.790611;0.152493;2.407623;1.043132;0.666667;0;1;1.61165;0;2.665138;3.689519;0.409947;0.004255;1;3;1.03908;0;1;0;1;0;;1;1540.18
2008.03.31 16:00:00;75;EURUSD.TDS;2.680101;0.90806;2.115869;0.846348;0.404167;1.437028;1.557936;0.666667;0;1;0.869565;0;1.883408;1.384131;0.461377;0.000834;1;1;0.392954;0;1;1;0;1;;1;868.8
2008.04.02 16:00:00;78;EURUSD.TDS;1.136974;0.285053;2.704766;2.011569;0.142515;2.500694;2.870402;0.666667;0;1;0.658906;0;1.600162;3.28783;0.547972;0.006343;1;1;1.142981;0;1;1;0;1;;0;-996.44
2008.05.28 12:00:00;80;EURUSD.TDS;1.228393;0.768321;2.429182;1.532041;0.109848;2.67302;2.25834;0.666667;1;1;1.134956;0;2.192977;3.597765;0.599628;0.003566;1;2;0.991058;0;1;0;1;0;;1;1133.73
2008.06.04 17:00:00;82;EURUSD.TDS;1.655951;0.058405;1.693742;0.841718;0.338742;1.604417;1.756323;0.666667;0;1;0.72093;0;0.988385;4.078037;0.407804;0.012009;0;2;1.122869;0;0;1;0;1;;1;734.99
2008.06.26 12:00:00;84;EURUSD.TDS;1.223487;0.057351;1.47838;1.156577;0.075431;1.567592;1.573148;0.666667;1;1;0.145221;0;0.323676;2.099681;0.299954;0.02036;0;3;0.974131;0;1;0;1;0;;1;145.36
2008.07.04 12:00:00;86;EURUSD.TDS;2.025354;0.871738;1.649515;1.117077;0.231013;2.870992;0.997317;1.0;1;1;0.591954;0;1.003829;2.870992;0.574198;0.005479;1;1;0.739283;0;1;0;1;0;;1;591.22
2008.08.01 12:00:00;88;EURUSD.TDS;1.159476;0.533898;1.186441;0.447612;0.472727;1.569337;0.817388;0.333333;1;1;1.381295;0;1.02713;0.884438;0.294813;0.001597;1;1;0.779201;0;1;0;1;0;;0;-999.41
2008.08.06 11:00:00;90;EURUSD.TDS;1.105763;0.616949;1.456949;0.792542;0.19544;1.651525;1.388512;0.0;0;1;2.536585;0;2.426667;3.829831;0.382983;0.003326;0;3;0.881394;0;1;0;1;0;;1;2537.6
2008.08.27 11:00:00;92;EURUSD.TDS;1.269682;0.442211;2.140704;1.303183;0.222222;1.943049;1.898678;0.0;1;1;0.450505;0;0.679878;1.735343;0.578448;0.007619;1;1;1.108228;0;1;0;1;0;;1;450.46
2008.11.10 11:00:00;94;EURUSD.TDS;0.874271;0.291424;2.02831;1.154038;0.097701;1.841799;1.794369;0.0;1;1;0.327044;0;0.556575;1.573689;0.524563;0.012128;1;1;0.764937;0;1;0;1;0;;1;327.6
2009.01.08 12:00:00;96;EURUSD.TDS;1.280423;0.448677;1.259259;0.512169;0.428571;4.247619;1.053097;1.0;0;1;3.25;0;3.3829;7.961905;0.79619;0.011121;1;4;0.871304;0;1;0;1;0;;1;3250.0
2009.05.05 12:00:00;98;EURUSD.TDS;1.124216;0.017566;1.40527;1.036386;0.2375;3.899624;1.199041;0.666667;0;1;1.579545;0;2.405439;3.987453;0.569636;0.004718;0;3;0.858155;0;1;0;1;0;;0;-998.8
2009.05.11 16:00:00;100;EURUSD.TDS;1.225;0.365909;1.081818;0.381818;0.058824;1.810455;0.963855;0.666667;0;1;2.283582;0;2.467742;2.959091;0.369886;0.003769;0;1;0.871124;0;1;1;0;1;;1;2233.39
2009.06.11 12:00:00;102;EURUSD.TDS;1.593081;0.748748;1.736459;1.306327;0.146789;2.666818;1.434777;0.333333;1;1;0.425;0;0.82658;1.832044;0.610681;0.006956;1;2;0.804042;0;1;0;1;0;;0;-1002.0
2009.06.26 11:00:00;104;EURUSD.TDS;1.302955;0.07346;1.210163;0.193317;0.661342;1.585197;0.965453;0.0;1;1;1.59589;0;1.036543;0.823529;0.411765;0.002055;1;1;0.680647;0;1;0;1;0;;0;-1000.1
2009.07.07 12:00:00;106;EURUSD.TDS;1.496785;0.202572;2.025723;1.564309;0.018519;3.263666;1.894072;0.666667;1;1;0.367733;0;0.869629;3.263666;0.652733;0.010004;1;2;1.038183;0;1;0;1;0;;1;366.85
2009.09.02 11:00:00;108;EURUSD.TDS;1.388394;0.704943;1.603316;1.190666;0.134048;2.385631;1.271085;0.0;0;1;1.065714;0;1.726852;2.703715;0.386245;0.003642;0;4;0.771621;0;1;0;1;0;;0;-1001.0
2009.09.14 12:00:00;110;EURUSD.TDS;1.441071;0.670098;1.477097;0.61966;0.302439;1.822954;1.277259;0.333333;1;1;1.085246;0;1.157343;1.383428;0.691714;0.003318;1;1;0.995988;0;1;0;1;0;;0;-1000.4
2009.09.17 17:00:00;112;EURUSD.TDS;1.340095;0.208558;2.498257;1.495404;0.062167;2.232013;2.501666;0.333333;1;1;0.486085;0;1.044419;2.232013;0.446403;0.004816;0;1;0.881155;0;0;1;0;1;;0;-1036.11
2009.10.09 16:00:00;114;EURUSD.TDS;1.209463;0.707071;1.522063;0.989899;0.134474;1.678363;1.503124;0.333333;1;1;0.876963;0;1.157168;2.374269;0.339181;0.005513;1;2;1.097931;0;1;1;0;1;;1;877.7
2009.10.13 12:00:00;116;EURUSD.TDS;1.2939;0.719409;2.189279;0.72976;0.531915;2.546396;1.949758;0.333333;0;1;1.216867;0;1.519341;5.413678;0.60152;0.006885;1;1;0.744216;0;1;0;1;0;;1;1218.06
2009.10.15 17:00:00;118;EURUSD.TDS;2.084724;0.542747;2.099101;1.430552;0.215753;4.338383;2.193015;0.333333;0;1;1.063107;0;2.107699;4.338383;0.867677;0.005727;0;2;1.189937;0;0;1;0;1;;0;-1059.64
2009.10.23 11:00:00;120;EURUSD.TDS;1.681269;0.877644;1.887462;1.210725;0.201681;2.204683;1.498112;0.0;0;1;1.287129;0;1.919831;2.130665;0.532666;0.002099;0;2;0.748275;0;1;0;1;0;;0;-999.9
2009.11.05 12:00:00;122;EURUSD.TDS;0.991181;0.325821;1.464478;0.812837;0.355972;2.606565;1.419784;1.0;1;1;1.912791;0;2.489057;4.122489;0.515311;0.004829;1;1;0.861527;0;1;0;1;0;;1;1914.78
2010.01.07 16:00:00;124;EURUSD.TDS;0.946595;0.565899;1.282705;0.517883;0.064171;2.321901;1.381348;1.0;0;1;3.22029;0;3.626486;4.187653;0.418765;0.003367;1;3;1.180015;0;1;1;0;1;;0;-1052.84
2010.01.12 11:00:00;126;EURUSD.TDS;1.549894;0.216561;1.579618;0.95966;0.163978;1.333333;1.405099;0.0;1;1;0.864362;0;1.343768;1.261146;0.315287;0.00221;1;1;0.795764;0;1;0;1;0;;0;-1000.16
2010.01.14 16:00:00;128;EURUSD.TDS;0.942478;0.172566;1.80531;0.960177;0.303922;1.876106;1.868988;0.666667;1;1;1.425532;0;1.996959;2.676991;0.382427;0.00303;1;2;0.779537;0;1;1;0;1;;0;-1000.16
2010.02.16 16:00:00;130;EURUSD.TDS;1.295388;0.641565;1.822534;1.352598;0.195067;1.695855;2.154069;0.333333;1;1;0.382353;0;0.533014;1.47519;0.737595;0.006773;1;1;0.961772;0;1;1;0;1;;1;381.81
2010.03.11 11:00:00;132;EURUSD.TDS;1.390692;0.082127;1.828706;1.297614;0.011976;2.381697;1.449967;0.666667;1;1;0.648936;0;1.245352;3.684787;0.368479;0.005404;1;3;0.829819;0;1;0;1;0;;1;649.04
2010.04.14 12:00:00;134;EURUSD.TDS;1.356058;0.066149;1.209585;0.959163;0.175781;1.60648;1.024615;0.333333;1;1;0.597523;0;0.879844;1.346608;0.448869;0.003239;1;1;0.778339;0;1;0;1;0;;0;-1001.3
2010.04.21 11:00:00;136;EURUSD.TDS;1.234363;0.453655;1.223813;0.374529;0.633621;2.832705;1.045752;0.0;0;1;2.283133;0;1.942167;1.893745;0.946873;0.001848;1;1;0.817509;0;1;0;1;0;;1;2281.58
2010.06.07 11:00:00;138;EURUSD.TDS;1.15508;0.620321;1.184492;0.622995;0.17833;2.40107;0.977062;0.0;1;1;1.311615;0;1.20126;1.807487;0.451872;0.005627;0;3;1.036765;0;1;0;1;0;;0;-998.99
2010.06.28 12:00:00;140;EURUSD.TDS;1.784962;0.401744;1.708681;0.808572;0.232143;2.547766;1.334127;0.333333;0;1;1.25;0;1.450408;2.547766;0.509553;0.003454;1;3;0.742986;0;1;0;1;0;;0;-1000.4
2010.07.02 11:00:00;142;EURUSD.TDS;0.879266;0.112418;1.891024;0.369372;0.751592;1.164325;1.470726;0.0;0;1;2.329545;0;1.650848;2.055635;0.293662;0.003101;0;1;0.859712;0;1;0;1;0;;1;2328.8
2010.08.12 12:00:00;144;EURUSD.TDS;1.335559;0.904841;2.474124;2.193656;0.095816;3.799666;2.072148;0.333333;0;1;0.373193;0;0.843803;3.953255;0.658876;0.014032;0;1;1.153584;0;1;0;1;0;;1;372.04
2010.09.02 12:00:00;146;EURUSD.TDS;2.002898;0.831583;2.373053;1.069902;0.369658;2.50996;1.970941;1.0;0;1;0.898824;0;1.762109;5.369794;0.536979;0.00601;0;1;0.88284;0;1;0;1;0;;1;855.29
2010.10.28 11:00:00;148;EURUSD.TDS;1.459215;0.625982;1.979456;0.938973;0.215812;2.453172;1.662522;0.666667;1;1;2.194667;0;3.434277;4.593353;0.417578;0.003162;1;1;0.734039;0;1;0;1;0;;0;-1001.25
2010.11.01 11:00:00;150;EURUSD.TDS;0.893456;0.177934;1.59762;0.355868;0.023697;2.032991;1.332071;0.0;1;1;0.673219;0;0.961404;0.700379;0.350189;0.001924;1;1;0.915856;0;1;0;1;0;;0;-1001.22
2010.11.22 11:00:00;152;EURUSD.TDS;2.066937;0.404318;0.97112;0.559244;0.089494;1.432119;0.964896;0.0;1;1;1.512;0;1.402969;0.404318;0.404318;0.000763;1;1;0.941057;0;1;0;1;0;;0;-1000.0
2010.12.28 11:00:00;154;EURUSD.TDS;0.931646;0.36962;1.463291;0.946835;0.297578;2.141772;1.400194;0.0;1;1;1.129187;0;1.188489;1.802532;0.450633;0.002995;1;1;1.045643;0;1;0;1;0;;1;1128.08
2010.12.29 11:00:00;156;EURUSD.TDS;1.75357;0.736842;1.822113;1.02244;0.282132;2.570379;1.235476;0.666667;1;1;1.225904;0;2.336203;3.627091;0.604515;0.002718;1;1;0.859075;0;1;0;1;0;;0;-999.32
2011.01.17 16:00:00;158;EURUSD.TDS;1.136038;0.21904;2.053036;1.28454;0.195298;3.085123;2.098672;0.333333;1;1;0.836773;0;1.501322;2.231238;0.743746;0.004003;1;1;1.012526;0;1;1;0;1;;0;-998.63
2011.01.31 11:00:00;160;EURUSD.TDS;1.681213;0.173321;1.135252;0.246982;0.603053;1.824203;0.913847;0.0;0;1;2.268293;0;2.037559;2.201176;0.366863;0.002493;1;3;0.785037;0;1;0;1;0;;0;-1000.4
2011.02.01 12:00:00;162;EURUSD.TDS;2.246131;1.437524;2.658362;1.548509;0.212724;2.246131;2.060631;0.333333;1;1;0.282805;0;0.606586;1.437524;1.437524;0.004484;1;1;0.754294;0;1;0;1;0;;1;282.5
2011.02.25 12:00:00;164;EURUSD.TDS;2.0;0.876033;1.730028;0.820937;0.22293;2.451791;1.480783;0.333333;1;1;0.698413;0;0.930514;1.895317;0.473829;0.003697;0;2;0.782203;0;1;0;1;0;;0;-1000.44
2011.03.14 12:00:00;166;EURUSD.TDS;1.399578;0.14333;1.563987;0.771454;0.312668;1.880157;1.555882;0.333333;1;1;0.397938;0;0.78638;2.491418;0.415236;0.007515;1;1;1.126938;0;1;0;1;0;;1;397.58
2011.04.19 16:00:00;168;EURUSD.TDS;1.953675;1.253074;1.517301;1.164999;0.108179;3.667143;1.637149;0.666667;0;1;3.242507;0;4.479699;6.517587;0.501353;0.003634;0;2;1.010197;0;1;1;0;1;;0;-998.24
2011.04.27 17:00:00;170;EURUSD.TDS;0.978495;0.544592;1.332701;0.898798;0.312292;2.913346;1.325699;0.666667;1;1;1.057143;0;1.302326;3.103732;0.517289;0.005383;0;3;0.966427;0;0;1;0;1;;0;-999.6
2011.05.11 12:00:00;172;EURUSD.TDS;1.534447;0.740431;1.690327;1.295755;0.216138;2.367432;1.379996;0.666667;1;1;0.299065;0;0.616231;2.299235;0.574809;0.007659;1;2;0.563845;0;1;0;1;0;;1;299.52
2011.06.27 11:00:00;174;EURUSD.TDS;0.93965;0.213198;1.642414;0.114495;0.088942;1.681895;1.405643;0.0;1;1;0.828947;0;1.289474;1.263395;0.421132;0.002482;1;2;0.788166;0;1;0;1;0;;0;-999.4
2011.06.28 11:00:00;176;EURUSD.TDS;1.169165;0.239829;3.437545;2.673091;0.06686;2.82798;2.589387;0.0;1;1;0.122671;0;0.334847;2.82798;0.565596;0.016903;1;1;0.747552;0;1;0;1;0;;1;122.45
2011.06.30 16:00:00;178;EURUSD.TDS;0.915636;0.561693;1.550426;0.938719;0.069479;1.904369;1.745722;0.333333;0;1;0.937008;0;1.430452;1.638912;0.409728;0.002978;0;1;0.805682;0;1;1;0;1;;1;935.34
2011.08.26 17:00:00;180;EURUSD.TDS;0.907231;0.305593;2.420873;1.790587;0.167653;2.411323;2.741281;0.333333;0;1;0.26096;0;0.536481;2.072306;0.690769;0.00809;1;1;0.917602;0;0;1;0;1;;0;-1001.11
2011.10.25 11:00:00;182;EURUSD.TDS;1.998294;0.445835;2.304805;1.632073;0.274611;1.835087;1.945565;0.666667;1;1;0.54191;0;1.027998;3.204436;0.400554;0.007831;0;1;0.777051;0;1;0;1;0;;1;542.1
2012.02.09 16:00:00;184;EURUSD.TDS;0.846804;0.08505;2.307448;0.987322;0.44391;3.183835;2.668948;0.333333;1;1;0.809302;0;1.205344;2.891706;0.722927;0.006488;0;1;1.122002;0;1;1;0;1;;1;810.84
2012.03.07 12:00:00;186;EURUSD.TDS;2.017893;0.43837;1.600398;0.981113;0.152174;2.22664;1.417565;0.333333;1;1;0.431818;0;0.65679;1.175944;0.391981;0.002573;1;2;0.750536;0;1;0;1;0;;1;432.25
2012.03.15 11:00:00;188;EURUSD.TDS;1.709924;0.011874;1.300254;0.142494;0.890411;2.849873;1.048851;0.333333;0;1;2.955975;0;2.710049;2.849873;0.569975;0.001771;0;2;0.860569;0;1;0;1;0;;0;-1000.11
2012.03.19 12:00:00;190;EURUSD.TDS;1.759949;1.300063;1.919141;1.644978;0.023041;2.308275;1.214666;0.333333;0;1;1.0;0;1.863369;5.739735;0.478311;0.003483;1;3;0.589569;0;1;0;1;0;;1;998.92
2012.03.27 12:00:00;192;EURUSD.TDS;1.342681;0.031408;1.107123;0.510376;0.539007;1.515423;0.835803;0.666667;1;1;0.77193;0;1.397618;1.837353;0.229669;0.001674;0;3;0.613894;0;1;0;1;0;;1;772.64
2012.04.17 11:00:00;194;EURUSD.TDS;1.431227;0.481413;3.408922;2.927509;0.045802;1.184015;2.689938;0.333333;1;1;0.052336;0;0.188643;3.090149;0.309015;0.02518;1;1;0.753302;0;1;0;1;0;;1;52.36
2012.05.09 12:00:00;196;EURUSD.TDS;1.761633;0.757835;1.921178;1.442545;0.083045;1.934473;1.495472;0.333333;1;1;0.250951;0;0.424048;1.861349;0.465337;0.006603;1;1;0.854989;0;1;0;1;0;;1;250.8
2012.06.06 17:00:00;198;EURUSD.TDS;2.129248;1.973259;2.909192;2.534819;0.119303;2.7961;3.422803;0.333333;1;1;0.257687;0;0.597768;2.7961;0.55922;0.011995;1;1;1.232777;0;0;1;0;1;;1;256.96
2012.06.07 12:00:00;200;EURUSD.TDS;1.743924;0.528646;1.209201;0.947917;0.070352;2.655382;0.819605;0.333333;0;1;0.8875;0;1.253468;3.153646;0.450521;0.004141;1;3;0.689124;0;1;0;1;0;;1;888.21
2012.06.20 11:00:00;202;EURUSD.TDS;1.101272;0.850683;1.437588;1.338672;0.018349;2.103627;1.197144;0.0;1;1;0.420354;0;0.679959;1.846444;0.615481;0.004118;1;2;0.636599;0;1;0;1;0;;0;-998.92
2012.07.03 11:00:00;204;EURUSD.TDS;1.413625;0.212895;2.452555;2.273723;0.052083;2.571776;1.953204;0.333333;0;1;0.333333;0;0.905003;4.751825;0.475182;0.006166;1;3;0.616813;0;1;0;1;0;;1;333.5
2012.07.09 17:00:00;206;EURUSD.TDS;1.57033;0.265943;0.981456;0.424242;0.483871;2.621438;0.957086;0.666667;0;1;1.454545;0;2.212842;4.894618;0.543846;0.003493;0;2;0.939524;0;0;1;0;1;;0;-999.46
2012.08.22 12:00:00;208;EURUSD.TDS;1.626359;0.427989;2.054348;1.474185;0.185185;2.330163;1.574344;0.333333;0;1;0.435714;0;1.09347;5.059783;0.45998;0.004865;0;2;0.734337;0;1;0;1;0;;0;-999.6
2012.08.29 12:00:00;210;EURUSD.TDS;2.389189;1.621622;3.491892;2.162162;0.371517;3.848649;2.676056;1.0;1;1;0.596364;0;1.511521;5.578378;0.557838;0.003414;1;3;0.719912;0;1;0;1;0;;0;-1001.0
2012.09.13 12:00:00;212;EURUSD.TDS;1.382834;0.524523;2.088556;1.020436;0.365297;2.012262;1.660978;0.333333;1;1;0.710345;0;0.929124;1.411444;0.705722;0.001593;1;1;0.662956;0;1;0;1;0;;0;-1000.5
2012.11.26 11:00:00;214;EURUSD.TDS;2.436628;1.265009;2.080049;1.714979;0.044898;2.742268;1.641541;0.0;1;1;0.232416;0;0.609742;1.392359;0.69618;0.00269;1;1;0.749603;0;1;0;1;0;;0;-995.06
2012.12.12 11:00:00;216;EURUSD.TDS;1.563556;0.236591;1.429831;0.462895;0.352518;3.07568;1.225209;0.333333;0;1;0.48;0;0.625465;3.07568;0.615136;0.00478;1;3;0.61833;0;1;0;1;0;;1;480.0
2012.12.18 11:00:00;218;EURUSD.TDS;1.129482;0.543825;2.231076;0.822709;0.0;1.924303;1.550388;0.0;1;1;0.304878;0;0.652985;0.766932;0.383466;0.000842;1;1;0.502977;0;1;0;1;0;;1;305.0
2012.12.28 11:00:00;220;EURUSD.TDS;0.830731;0.209869;3.891318;3.480325;0.069663;2.509681;2.744372;0.666667;1;1;0.220751;0;0.758808;4.80075;0.685821;0.007235;1;1;1.052517;0;1;0;1;0;;1;221.0
2013.04.04 17:00:00;222;EURUSD.TDS;4.148319;1.799604;4.342123;3.257746;0.176408;3.700725;5.351152;0.666667;0;1;0.207216;0;0.727508;5.288069;0.406775;0.015752;1;1;2.125999;0;0;1;0;1;;1;207.03
2013.04.17 12:00:00;224;EURUSD.TDS;2.785467;1.404844;3.528258;2.430219;0.240275;2.422145;2.464054;1.0;1;1;0.33515;0;0.850791;3.61707;0.452134;0.005266;0;1;0.796214;0;1;0;1;0;;0;-998.24
2013.06.04 11:00:00;226;EURUSD.TDS;1.330986;0.172535;2.119718;0.098592;0.782946;2.053991;1.167685;0.666667;1;1;2.992857;0;3.34245;5.266432;0.585159;0.001918;0;2;0.5901;0;1;0;1;0;;0;-999.6
2013.06.18 11:00:00;228;EURUSD.TDS;1.891892;1.127252;3.634009;3.121622;0.10846;2.412162;3.283476;0.333333;1;1;0.161826;0;0.501608;3.862613;0.482827;0.009769;1;1;0.905412;0;1;0;1;0;;1;161.46
2013.07.25 12:00:00;230;EURUSD.TDS;2.045267;0.998628;5.434842;4.004115;0.10424;2.36214;3.416843;0.666667;0;1;0.179134;0;0.680919;5.20439;0.473126;0.00796;1;1;0.86829;0;1;0;1;0;;1;179.27
2013.07.26 17:00:00;232;EURUSD.TDS;1.149606;0.299213;2.755906;1.543307;0.257143;2.070866;2.282361;0.333333;0;1;0.576512;0;1.121662;2.015748;0.503937;0.002282;0;1;0.889663;0;0;1;0;1;;0;-1064.61
2013.08.16 11:00:00;234;EURUSD.TDS;1.128527;0.902821;1.648903;1.122257;0.319392;1.673981;1.240859;0.333333;1;1;1.061111;0;1.605042;2.626959;0.32837;0.002611;1;2;0.825378;0;1;0;1;0;;1;1061.96
2013.10.22 12:00:00;236;EURUSD.TDS;1.742424;0.727273;2.257576;1.19697;0.402685;3.166667;1.731551;0.333333;1;1;0.766355;0;1.153769;2.439394;0.609848;0.001395;1;1;0.525596;0;1;0;1;0;;0;-1000.45
2013.12.06 12:00:00;238;EURUSD.TDS;1.685995;0.224799;2.422837;1.473684;0.304124;1.62355;1.282221;0.666667;0;1;0.458564;0;0.993162;3.3595;0.33595;0.002709;0;1;0.561431;0;1;0;1;0;;1;458.16
2013.12.16 11:00:00;240;EURUSD.TDS;2.895877;0.518519;1.780573;0.469602;0.153846;5.331936;1.320276;0.0;1;1;0.238494;0;0.548077;0.518519;0.518519;0.000967;1;1;0.767839;0;1;0;1;0;;1;238.26
2014.01.16 12:00:00;242;EURUSD.TDS;1.711628;0.176744;2.046512;1.44186;0.240909;1.869767;1.617053;0.333333;1;1;0.210938;0;0.467244;1.302326;0.651163;0.002996;1;1;0.815882;0;1;0;1;0;;0;-1000.96
2014.01.31 12:00:00;244;EURUSD.TDS;2.056559;0.857816;2.342498;1.561665;0.305164;2.298507;1.838584;1.0;1;1;0.351485;0;0.696078;1.748625;0.874313;0.002284;1;1;0.720125;0;1;0;1;0;;1;351.45
2014.03.17 11:00:00;246;EURUSD.TDS;2.528497;2.093264;2.414508;2.331606;0.030043;4.487047;1.713865;0.0;0;1;1.226054;0;3.262928;6.994819;0.99926;0.002069;1;3;0.745952;0;1;0;1;0;;1;1225.6
2014.03.20 11:00:00;248;EURUSD.TDS;1.05;0.024561;1.037719;1.025439;0.0;0.485088;1.141121;0.333333;1;1;0.581081;0;1.188158;1.915789;0.174163;0.002626;0;3;0.793141;0;1;0;1;0;;1;580.5
2014.04.04 17:00:00;250;EURUSD.TDS;4.778615;1.026731;3.396847;2.254969;0.064972;2.446881;3.843648;0.333333;1;1;0.33871;0;1.017888;1.026731;1.026731;0.001051;0;1;1.033843;0;0;1;0;1;;1;338.94
2014.04.09 11:00:00;252;EURUSD.TDS;2.27193;0.399123;2.824561;2.45614;0.070652;1.565789;1.817284;0.666667;0;1;0.305785;0;1.034965;3.530702;0.320973;0.002222;1;1;0.659229;0;1;0;1;0;;1;305.62
2014.04.10 11:00:00;254;EURUSD.TDS;1.017878;0.392133;1.693683;1.268176;0.152709;2.311085;1.481752;0.333333;1;1;0.530973;0;0.930233;2.235995;0.558999;0.002881;0;1;1.199641;0;1;0;1;0;;1;530.4
2014.04.29 12:00:00;256;EURUSD.TDS;3.125;0.3125;2.5;0.234375;0.8875;1.984375;1.900238;0.666667;0;1;2.771429;0;4.102719;5.3125;0.442708;0.000829;1;3;0.749847;0;1;0;1;0;;1;2770.32
2014.06.04 17:00:00;258;EURUSD.TDS;1.742532;0.428165;1.852063;1.075391;0.301075;2.150782;2.107649;0.666667;1;1;0.774194;0;1.570093;1.41394;0.471313;0.000904;1;1;1.102557;0;0;1;0;1;;1;774.48
2014.06.17 12:00:00;260;EURUSD.TDS;1.874878;0.424242;3.147605;2.107527;0.156522;3.462366;2.38837;0.666667;0;1;0.540909;0;1.365574;3.311828;0.827957;0.001772;1;1;0.838701;0;1;0;1;0;;0;-1001.0
2014.07.01 11:00:00;262;EURUSD.TDS;1.480992;0.439669;2.892562;2.267769;0.152;2.383471;1.690331;0.666667;1;1;0.404412;0;1.125731;3.980165;0.398017;0.001528;0;3;0.57508;0;1;0;1;0;;1;404.25
2014.07.08 12:00:00;264;EURUSD.TDS;2.450567;0.862237;3.63047;2.200972;0.25;3.698541;2.888087;0.666667;0;1;0.690476;0;1.666211;3.721232;0.620205;0.000984;1;2;0.740643;0;1;0;1;0;;1;690.78
2014.09.24 12:00:00;266;EURUSD.TDS;1.985246;0.84918;1.778689;1.52623;0.141935;2.134426;1.363237;0.333333;0;1;0.375;0;0.709133;2.513115;0.359016;0.003088;1;2;0.648156;0;1;0;1;0;;1;374.88
2014.10.27 11:00:00;268;EURUSD.TDS;1.131953;0.316947;1.711514;0.262613;0.507937;2.254851;1.312956;0.0;1;1;1.858491;0;1.740063;1.412678;0.353169;0.000897;1;2;0.731605;0;1;0;1;0;;0;-999.58
2014.11.03 17:00:00;270;EURUSD.TDS;1.261869;0.581602;0.72181;0.597181;0.129496;1.495549;0.812153;0.666667;1;1;3.347826;0;3.561114;2.637982;0.263798;0.001427;0;2;0.856844;0;0;1;0;1;;0;-988.53
2014.11.19 12:00:00;272;EURUSD.TDS;1.63737;0.891349;1.879585;1.259516;0.257732;2.916263;1.417611;0.333333;1;1;1.13253;0;1.695876;2.809689;0.702422;0.00171;1;2;0.665969;0;1;0;1;0;;0;-999.32
2014.11.24 11:00:00;274;EURUSD.TDS;1.34188;0.273504;2.794872;1.478632;0.223242;2.435897;2.367849;0.333333;0;1;0.749004;0;1.440613;3.179487;0.454212;0.002582;0;1;0.738024;0;1;0;1;0;;0;-998.98
2014.11.25 11:00:00;276;EURUSD.TDS;2.098361;0.437158;2.743169;1.562842;0.290837;2.032787;2.189272;0.666667;1;1;0.369668;0;0.778332;5.224044;0.522404;0.006141;1;1;0.574951;0;1;0;1;0;;0;-1000.14
2015.01.28 12:00:00;278;EURUSD.TDS;1.641236;0.474135;1.698549;1.396353;0.125767;3.07406;1.194796;1.0;1;1;1.651934;0;2.973011;6.955713;0.695571;0.00449;1;3;0.602802;0;1;0;1;0;;0;-999.12
2015.02.06 12:00:00;280;EURUSD.TDS;1.289266;0.063277;1.914124;0.506215;0.628099;2.483616;1.314146;0.333333;0;1;3.257353;0;3.607912;5.536723;0.69209;0.00194;1;2;0.515615;0;1;0;1;0;;0;-999.6
2015.03.03 11:00:00;282;EURUSD.TDS;1.642288;0.831282;2.524258;1.723389;0.309237;3.598841;1.910975;0.333333;0;1;0.449393;0;1.055707;5.271542;0.753077;0.004926;1;2;0.642764;0;1;0;1;0;;1;449.55
2015.04.17 11:00:00;284;EURUSD.TDS;2.143426;0.645418;2.243028;1.454183;0.321492;1.828685;1.908151;0.0;0;1;0.645963;0;1.265353;3.47012;0.433765;0.006883;1;1;0.883343;0;1;0;1;0;;1;645.84
2015.05.25 11:00:00;286;EURUSD.TDS;1.094714;0.909692;2.014684;1.572687;0.158163;1.464758;1.430657;0.0;1;1;0.266467;0;0.447557;2.759912;0.459985;0.011998;0;1;0.764739;0;1;0;1;0;;1;266.11
2015.05.29 11:00:00;288;EURUSD.TDS;2.178256;1.210142;1.973876;1.828659;0.0;2.377257;1.417536;0.0;0;1;0.308108;0;0.580364;2.73761;0.456268;0.00877;1;2;0.878914;0;1;0;1;0;;1;307.8
2015.06.08 12:00:00;290;EURUSD.TDS;2.110211;1.579254;2.355267;2.092058;0.105973;2.949757;1.466516;0.333333;1;1;0.626298;0;1.510581;3.657699;0.522528;0.005336;1;2;0.776511;0;1;0;1;0;;0;-999.94
2015.06.09 17:00:00;292;EURUSD.TDS;1.299953;0.437706;1.411848;0.8063;0.331002;2.142454;1.514296;0.666667;0;1;2.504;0;2.839309;3.705689;0.529384;0.003966;1;3;1.067157;0;0;1;0;1;;1;2458.94
2015.07.02 11:00:00;294;EURUSD.TDS;1.969058;0.210033;2.146273;1.063291;0.333333;2.664791;1.675634;0.333333;1;1;0.98556;0;1.701692;2.664791;0.532958;0.002386;1;1;0.555979;0;1;0;1;0;;0;-999.97
2015.08.03 11:00:00;296;EURUSD.TDS;1.758223;0.729603;1.680478;1.429304;0.078292;2.015378;0.979094;0.333333;1;1;0.18251;0;0.267409;3.576249;0.447031;0.022363;1;3;0.886679;0;1;0;1;0;;1;182.4
2015.08.05 11:00:00;298;EURUSD.TDS;1.511737;0.017926;1.440034;0.537772;0.489627;1.21895;1.399535;0.0;1;1;1.189394;0;1.063377;0.699104;0.174776;0.0011;0;2;0.751538;0;1;0;1;0;;1;1190.06
2015.08.19 17:00:00;300;EURUSD.TDS;3.63172;0.15681;1.166667;0.163082;0.086022;1.837814;1.289875;0.333333;1;1;1.643836;0;2.122999;0.15681;0.15681;0.000118;1;1;0.981726;0;0;1;0;1;;1;1645.2
2015.08.20 12:00:00;302;EURUSD.TDS;1.862006;0.788016;2.21153;1.258284;0.060345;2.1734;1.522976;0.333333;0;1;0.134986;0;0.316275;1.823877;0.455969;0.009074;1;1;0.858001;0;1;0;1;0;;1;134.75
2015.09.11 16:00:00;304;EURUSD.TDS;1.189465;0.279524;1.248938;0.838573;0.247619;2.170773;1.203783;0.333333;0;1;1.269388;0;1.842573;1.581988;0.527329;0.001444;1;1;0.899358;0;1;1;0;1;;1;1268.88
2015.09.21 12:00:00;306;EURUSD.TDS;1.246264;0.823262;1.491878;1.082521;0.0;2.560754;1.432002;0.666667;1;1;0.844512;0;1.198764;3.465887;0.495127;0.006357;1;3;1.125253;0;1;0;1;0;;1;844.85
2015.09.23 16:00:00;308;EURUSD.TDS;1.075867;0.07325;1.83584;1.41465;0.209476;2.888816;2.042792;0.666667;0;1;0.591422;0;1.087137;4.12034;0.515043;0.008279;0;2;1.13398;0;1;1;0;1;;0;-1001.18
2015.09.29 17:00:00;310;EURUSD.TDS;1.497962;0.965353;2.377717;1.53125;0.162;3.457201;2.684564;0.666667;0;1;1.004587;0;1.829356;3.457201;0.69144;0.003974;1;1;1.027685;0;0;1;0;1;;0;-1039.77
2015.10.26 16:00:00;312;EURUSD.TDS;1.098606;0.462571;2.132163;1.192566;0.016949;2.833247;2.028188;0.666667;1;1;0.606154;0;1.294836;2.385132;0.596283;0.002549;1;1;0.826552;0;1;1;0;1;;1;606.76
2015.12.30 12:00:00;314;EURUSD.TDS;1.086567;0.135821;1.556716;0.501493;0.181208;2.120896;0.98545;0.333333;0;1;2.708333;0;3.34313;6.425373;0.642537;0.00184;1;4;0.725766;0;1;0;1;0;;1;2752.63
2016.02.29 11:00:00;316;EURUSD.TDS;1.365302;0.965517;3.243534;2.700431;0.032558;2.911638;2.402235;0.333333;0;1;0.220624;0;0.59907;5.317888;0.531789;0.011768;0;3;0.890719;0;1;0;1;0;;1;220.8
2016.05.02 11:00:00;318;EURUSD.TDS;1.133773;0.646671;1.881224;0.688662;0.111607;1.889622;1.474169;0.0;1;1;0.641791;0;1.04635;1.318536;0.329634;0.0015;0;1;0.724148;0;1;0;1;0;;1;642.42
2016.05.06 17:00:00;320;EURUSD.TDS;4.833997;0.613546;2.361222;0.644533;0.566929;0.89243;2.822222;0.666667;0;1;0.714545;0;2.128433;3.941567;0.262771;0.002988;1;4;1.136663;0;0;1;0;1;;1;718.57
2016.05.09 11:00:00;322;EURUSD.TDS;1.934673;1.329648;2.265327;1.625126;0.279503;3.953769;1.699657;0.333333;1;1;0.498113;0;0.875829;3.770854;0.942714;0.00612;1;1;0.92081;0;1;0;1;0;;1;497.64
2016.05.17 12:00:00;324;EURUSD.TDS;1.795437;1.02439;1.828482;1.520063;0.13253;3.998426;1.596922;0.666667;1;1;0.841772;0;1.365103;2.533438;1.266719;0.001685;1;1;0.80499;0;1;0;1;0;;1;841.89
2016.06.13 16:00:00;326;EURUSD.TDS;0.889503;0.01547;1.732597;1.438674;0.03125;2.38232;1.671018;1.0;1;1;0.686347;0;1.333333;3.248619;0.406077;0.00315;1;1;1.067569;0;1;1;0;1;;0;-999.99
2016.07.06 12:00:00;328;EURUSD.TDS;1.305444;0.014113;2.378024;0.65625;0.31454;1.785282;1.785904;0.333333;1;1;0.857143;0;1.26691;1.785282;0.357056;0.001997;1;1;0.789766;0;1;0;1;0;;0;-1000.23
2016.07.19 12:00:00;330;EURUSD.TDS;2.532027;0.727958;2.321025;0.727958;0.495455;2.025622;1.934066;1.0;1;1;1.364238;0;1.976696;3.819141;0.424349;0.001831;1;3;0.687468;0;1;0;1;0;;0;-999.62
2016.08.01 16:00:00;332;EURUSD.TDS;1.12;0.702222;1.208889;0.764444;0.360294;3.822222;1.117961;0.333333;0;1;3.306122;0;2.86183;7.84;0.653333;0.003082;0;4;0.827184;0;1;1;0;1;;1;3120.71
2016.09.14 11:00:00;334;EURUSD.TDS;2.045617;0.878118;1.736279;1.107627;0.172414;2.145403;1.414634;0.333333;1;1;0.984127;0;1.828652;3.083393;0.440485;0.00169;1;3;0.70844;0;1;0;1;0;;0;-999.81
2016.10.17 11:00:00;336;EURUSD.TDS;1.082126;0.7343;2.164251;1.362319;0.174107;2.531401;1.617329;0.333333;1;1;0.659459;0;1.200281;2.666667;0.444444;0.002299;0;1;0.699335;0;1;0;1;0;;0;-1000.85
2016.10.18 12:00:00;338;EURUSD.TDS;1.338473;0.1835;1.003855;0.215883;0.483871;1.964534;0.940819;0.333333;1;1;0.722222;0;0.962236;1.446415;0.361604;0.001393;1;2;0.68045;0;1;0;1;0;;0;-1000.44
2016.10.28 12:00:00;340;EURUSD.TDS;1.378356;0.33035;2.004882;1.173312;0.107955;3.041497;1.433809;0.666667;0;1;1.239362;0;2.56044;4.852726;0.539192;0.001664;1;3;0.804024;0;1;0;1;0;;0;-1000.16
2016.11.18 12:00:00;342;EURUSD.TDS;1.753641;0.227216;0.873908;0.576779;0.066667;1.85851;0.691882;0.333333;1;1;1.11039;0;0.982759;2.126509;0.354418;0.003714;0;2;0.846051;0;1;0;1;0;;0;-999.46
2016.11.30 11:00:00;344;EURUSD.TDS;1.203909;0.793485;3.66645;3.018893;0.079602;2.608469;2.527507;0.333333;1;1;0.110811;0;0.3316;2.608469;0.521694;0.008625;1;1;0.696779;0;1;0;1;0;;1;110.7
2016.12.16 11:00:00;346;EURUSD.TDS;1.382808;0.657768;1.681794;1.285638;0.151111;2.511479;1.109194;0.0;0;1;3.244019;0;4.918135;7.429792;0.742979;0.002021;0;4;0.697133;0;1;0;1;0;;0;-999.02
2017.01.18 11:00:00;348;EURUSD.TDS;0.824029;0.203883;2.404126;1.129854;0.477032;3.024272;1.831715;0.333333;0;1;1.811688;0;2.126293;8.656553;0.786959;0.004792;0;4;0.700148;0;1;0;1;0;;0;-999.46
2017.03.02 12:00:00;350;EURUSD.TDS;1.321101;0.247706;1.816514;1.504587;0.09596;2.302752;1.500568;0.333333;1;1;0.181818;0;0.342159;1.477064;0.738532;0.004705;1;1;0.731083;0;1;0;1;0;;1;181.8
2017.06.01 17:00:00;352;EURUSD.TDS;1.64148;0.269932;0.93382;0.510683;0.335937;2.794164;0.973384;0.333333;0;1;1.766497;0;2.455645;3.808233;0.544033;0.002126;1;2;1.033673;0;0;1;0;1;;1;1676.16
2017.06.26 11:00:00;354;EURUSD.TDS;1.695502;0.096886;2.858131;1.453287;0.40113;3.051903;2.110912;0.666667;1;1;0.481707;0;1.102692;4.71511;0.589389;0.002648;1;1;0.797259;0;1;0;1;0;;0;-1000.4
2017.07.14 12:00:00;356;EURUSD.TDS;1.560241;0.126506;1.338855;0.948795;0.015748;2.646084;1.074905;0.333333;0;1;2.358491;0;3.868828;9.77259;0.651506;0.002396;1;4;0.740486;0;1;0;1;0;;0;-1000.11
2017.08.03 17:00:00;358;EURUSD.TDS;1.889748;0.411128;1.182895;0.699639;0.408537;2.315301;1.121751;0.666667;1;1;1.214286;0;1.640571;1.810407;0.452602;0.00153;1;2;0.912567;0;0;1;0;1;;0;-999.6
2017.08.08 11:00:00;360;EURUSD.TDS;1.163205;0.311573;1.589021;0.238872;0.69281;1.900593;1.428571;0.0;1;1;2.877193;0;1.615764;1.589021;0.397255;0.000947;1;1;0.656827;0;1;0;1;0;;0;-999.78
2017.08.25 12:00:00;362;EURUSD.TDS;2.390892;1.447818;2.842505;2.098672;0.233645;3.347249;2.324823;0.333333;0;1;1.169565;0;3.260606;14.053131;0.780729;0.003245;1;4;0.712937;0;1;0;1;0;;1;1170.15
2017.10.24 12:00:00;364;EURUSD.TDS;1.929089;0.304593;1.218372;1.004029;0.175926;1.590653;1.003717;0.333333;1;1;0.265116;0;0.671717;1.522965;0.507655;0.00201;1;1;0.609528;0;1;0;1;0;;1;265.05
2017.12.14 11:00:00;366;EURUSD.TDS;1.031652;0.387735;1.447082;0.560831;0.550239;1.897132;1.332059;0.0;0;1;1.108974;0;1.17118;1.897132;0.379426;0.00234;1;2;1.20664;0;1;0;1;0;;1;1108.93
2018.02.12 17:00:00;368;EURUSD.TDS;1.894389;1.132013;1.582508;1.132013;0.080292;3.523102;1.616042;0.666667;1;1;1.234657;0;1.860863;3.523102;0.70462;0.003278;1;2;0.876333;0;0;1;0;1;;1;1234.62
2018.03.05 11:00:00;370;EURUSD.TDS;1.421523;0.320343;2.542724;1.982124;0.177165;2.517698;2.565009;0.0;0;1;0.723327;0;1.756587;4.049339;0.578477;0.004606;0;1;1.304606;0;1;0;1;0;;1;691.33
2018.03.06 11:00:00;371;EURUSD.TDS;1.817544;0.425731;1.309942;0.433918;0.45;1.989474;1.068447;0.0;1;1;2.252336;0;1.946913;1.989474;0.397895;0.001248;1;2;0.682864;0;1;0;1;0;;1;2253.35
2018.05.02 12:00:00;374;EURUSD.TDS;2.438411;0.463576;2.818543;1.511258;0.226974;3.430464;2.028695;0.333333;0;1;0.563863;0;1.494104;5.748344;0.718543;0.00415;0;3;0.760582;0;1;0;1;0;;1;564.72
2018.05.16 12:00:00;376;EURUSD.TDS;1.711642;0.409157;1.834389;0.709206;0.420074;2.516318;1.437734;0.333333;1;1;1.239766;0;1.431051;1.834389;0.458597;0.00188;0;2;0.909749;0;1;0;1;0;;1;1240.2
2018.06.20 11:00:00;378;EURUSD.TDS;1.7553;0.483343;2.518474;0.856451;0.535354;2.509994;2.118402;0.333333;0;1;1.338129;0;1.449082;2.543913;0.423985;0.00207;1;1;0.706732;0;1;0;1;0;;0;-999.41
2018.07.23 11:00:00;380;EURUSD.TDS;1.219786;0.424958;2.234963;1.101743;0.376761;2.604834;1.856209;0.0;0;1;0.977654;0;1.289474;2.604834;0.520967;0.002567;1;1;0.902351;0;1;0;1;0;;0;-1000.61
2018.08.13 11:00:00;382;EURUSD.TDS;1.216764;0.22123;1.476469;0.822398;0.221498;2.717279;1.417359;0.0;1;1;0.291925;0;0.427689;1.192717;0.596359;0.005799;0;1;1.496421;0;1;0;1;0;;0;-1001.42
2018.08.21 17:00:00;384;EURUSD.TDS;1.379919;0.700257;1.405664;0.993748;0.043956;2.528135;1.633752;0.666667;1;1;0.601911;0;0.907096;2.867966;0.477994;0.00614;1;3;1.368796;0;0;1;0;1;;1;601.02
2018.08.23 12:00:00;386;EURUSD.TDS;1.216266;0.284658;1.145102;0.26525;0.711864;2.141405;1.130629;0.333333;1;1;1.954128;0;1.52454;0.983364;0.327788;0.000997;1;2;0.916709;0;1;0;1;0;;0;-999.53
2018.11.08 11:00:00;388;EURUSD.TDS;2.047365;0.099467;1.533452;0.447602;0.2;1.060983;1.363301;0.0;0;1;1.209459;0;1.537423;0.099467;0.099467;7.8e-05;1;1;0.753761;0;1;0;1;0;;1;1210.04
2018.12.05 17:00:00;390;EURUSD.TDS;0.749568;0.01612;2.933794;2.635579;0.016484;2.023028;3.413033;0.333333;0;1;0.162304;0;0.43662;2.949914;0.491652;0.008383;1;2;0.953345;0;0;1;0;1;;1;162.44
2019.02.14 11:00:00;392;EURUSD.TDS;2.459316;0.926236;4.279848;2.821293;0.243781;3.68365;3.396705;0.333333;1;1;0.303977;0;0.908981;3.68365;0.73673;0.003806;0;1;1.17389;0;1;0;1;0;;0;-999.68
2019.04.29 16:00:00;394;EURUSD.TDS;1.136415;0.26832;2.54115;0.678692;0.360248;2.462232;2.188987;0.333333;1;1;1.147059;0;1.609037;2.209696;0.736565;0.00087;1;1;0.679595;0;1;1;0;1;;1;1146.6
2019.06.06 17:00:00;396;EURUSD.TDS;3.437624;1.510891;3.590099;2.183168;0.200772;4.421782;4.142343;0.666667;0;1;0.985321;0;3.002396;3.569307;1.784653;0.001715;1;1;1.447918;0;0;1;0;1;;0;-994.03
2019.08.15 11:00:00;398;EURUSD.TDS;1.732809;0.013752;1.56778;0.041257;0.666667;1.829077;1.089345;0.333333;0;1;3.346154;0;2.337812;2.833006;0.404715;0.000881;1;2;0.682303;0;1;0;1;0;;0;-999.96
2019.09.10 16:00:00;400;EURUSD.TDS;1.176471;0.313725;1.045752;0.457516;0.4375;2.784314;1.096642;1.0;0;1;3.671053;0;3.518919;5.30719;0.408245;0.001154;1;3;0.794423;0;1;1;0;1;;0;-1000.16
2019.10.24 16:00:00;402;EURUSD.TDS;1.170608;0.875;3.949324;3.334459;0.131737;3.263514;4.246662;0.666667;0;1;0.44898;0;1.240268;3.0625;0.765625;0.002088;1;1;1.192572;0;1;1;0;1;;0;-999.6
2019.11.08 12:00:00;404;EURUSD.TDS;1.875441;0.279671;2.237368;1.924794;0.036765;2.632197;1.602829;0.666667;0;1;0.134503;0;0.357381;4.26087;0.532609;0.007247;0;1;0.749871;0;1;0;1;0;;1;134.55
2019.11.12 12:00:00;406;EURUSD.TDS;2.101983;0.753541;2.399433;1.626062;0.272727;3.410765;2.289499;0.333333;0;1;0.753623;0;1.893368;5.750708;0.479226;0.001532;1;3;0.748484;0;1;0;1;0;;0;-1000.5
2019.12.13 11:00:00;408;EURUSD.TDS;0.287592;0.086278;0.926048;0.672966;0.229814;1.857847;0.918688;0.0;1;1;1.524138;0;1.24307;1.857847;0.371569;0.002598;0;1;2.012728;0;1;0;1;0;;0;-1000.5
2019.12.30 16:00:00;410;EURUSD.TDS;0.828225;0.189594;1.357092;0.518888;0.022059;1.925873;1.394872;0.666667;1;1;1.203008;0;1.532148;2.434783;0.405797;0.001593;0;2;1.500149;0;1;1;0;1;;1;1203.2
2020.02.06 11:00:00;412;EURUSD.TDS;1.744479;0.55205;4.394322;1.611987;0.080402;2.119874;3.19166;0.0;0;1;0.098361;0;0.318182;2.84858;0.356073;0.004054;1;1;0.719823;0;1;0;1;0;;1;98.28
2020.02.25 16:00:00;414;EURUSD.TDS;0.843497;0.061719;1.429831;0.473181;0.633094;3.836885;1.291822;0.333333;0;1;2.853211;0;3.015235;7.324026;0.610336;0.002361;1;2;0.924681;0;1;1;0;1;;1;2851.87
2020.05.21 17:00:00;416;EURUSD.TDS;1.882658;0.109034;2.049844;0.676012;0.666667;2.871236;2.305805;0.666667;1;1;1.5;0;2.149909;3.758048;0.626341;0.002405;1;2;1.132042;0;0;1;0;1;;1;1498.56
2020.06.17 11:00:00;418;EURUSD.TDS;1.227273;0.636364;2.545455;1.281818;0.021429;2.2;1.657786;0.666667;1;1;1.421245;0;3.167347;5.981818;0.664646;0.002077;1;3;0.590225;0;1;0;1;0;;1;1420.08
2020.06.19 11:00:00;420;EURUSD.TDS;1.777429;0.230408;1.503135;0.438871;0.569343;1.53605;1.023534;0.666667;1;1;2.989011;0;3.123872;4.191223;0.465691;0.001223;0;2;0.493774;0;1;0;1;0;;0;-1000.09
2020.10.21 16:00:00;422;EURUSD.TDS;1.555556;0.681558;1.571592;0.962199;0.178571;2.87858;1.740675;0.333333;1;1;0.363208;0;0.574933;2.469645;0.823215;0.005357;0;1;1.138074;0;1;1;0;1;;1;363.44
2020.10.22 12:00:00;424;EURUSD.TDS;2.991165;1.484337;2.159036;1.900402;0.119792;2.75502;1.747043;0.333333;1;1;0.271111;0;0.630724;2.215261;0.553815;0.003123;1;2;0.828079;0;1;0;1;0;;1;270.84
2020.11.10 12:00:00;426;EURUSD.TDS;1.721311;1.134791;2.562842;1.785064;0.154229;2.448087;1.837294;0.666667;0;1;0.307902;0;0.652371;4.870674;0.487067;0.011711;1;1;0.761958;0;1;0;1;0;;1;307.36
2020.12.09 16:00:00;428;EURUSD.TDS;1.515815;0.272506;1.56691;0.919708;0.016304;3.040146;1.714818;0.333333;1;1;1.372449;0;2.125282;3.040146;0.608029;0.00168;1;2;0.92719;0;1;1;0;1;;0;-999.6
2020.12.21 12:00:00;430;EURUSD.TDS;2.608033;2.002078;2.215374;2.040859;0.07221;3.049169;2.54242;0.333333;1;1;0.142023;0;0.313401;2.002078;2.002078;0.013178;1;1;1.624716;0;1;0;1;0;;1;142.35
2020.12.24 17:00:00;432;EURUSD.TDS;0.916074;0.019915;1.991465;0.079659;0.43;2.439545;1.8596;0.666667;1;1;2.330435;0;2.518121;3.27596;0.409495;0.001307;1;3;0.596441;0;0;1;0;1;;0;-1157.52
2021.01.21 11:00:00;434;EURUSD.TDS;1.99674;1.300733;2.578647;1.437653;0.238938;2.07661;1.71277;0.0;1;1;0.348837;0;0.606061;1.734311;0.867156;0.002508;1;1;0.819682;0;1;0;1;0;;1;348.6
2021.04.07 11:00:00;436;EURUSD.TDS;2.255626;0.478848;2.091809;1.121512;0.168675;1.80198;1.684424;0.333333;1;1;0.201342;0;0.351464;0.478848;0.478848;0.001081;0;1;0.80125;0;1;0;1;0;;1;201.3
2021.04.08 12:00:00;438;EURUSD.TDS;1.755486;0.263323;0.998433;0.263323;0.692308;1.503135;0.849277;0.333333;0;1;1.728814;0;2.462069;3.324451;0.332445;0.001231;1;3;0.794205;0;1;0;1;0;;0;-999.46
2021.05.10 12:00:00;440;EURUSD.TDS;2.360746;1.238424;3.434692;2.215619;0.121127;3.405667;1.977716;0.333333;0;1;0.178363;0;0.504132;3.405667;0.681133;0.006982;0;1;0.982268;0;1;0;1;0;;1;178.12
2021.05.12 17:00:00;442;EURUSD.TDS;4.848148;0.738889;3.940741;1.860185;0.159539;1.587963;4.646542;0.666667;1;1;0.572549;0;1.493061;0.738889;0.738889;0.000764;1;1;1.448739;0;0;1;0;1;;1;572.32
2021.05.27 12:00:00;444;EURUSD.TDS;1.52623;0.860656;4.004918;2.708197;0.068768;2.398361;3.053368;0.333333;0;1;0.236025;0;0.716981;2.398361;0.479672;0.002915;1;1;0.887135;0;1;0;1;0;;1;242.01
2021.07.14 11:00:00;446;EURUSD.TDS;1.328859;0.42953;1.785235;1.033557;0.0;2.134228;1.027821;0.333333;1;1;0.931298;0;1.696127;2.348993;0.391499;0.001032;0;2;0.637076;0;1;0;1;0;;0;-999.53
2021.08.06 11:00:00;448;EURUSD.TDS;1.334158;0.641089;1.871287;0.675743;0.472222;1.75;1.273585;0.0;1;1;1.017857;0;0.956835;1.420792;0.473597;0.000857;1;1;0.605058;0;1;0;1;0;;1;1018.02
2021.09.07 11:00:00;450;EURUSD.TDS;2.397554;0.06422;3.360856;1.134557;0.382166;2.461774;2.836495;0.0;1;1;0.651852;0;1.579487;2.461774;0.492355;0.000728;1;2;0.67536;0;1;0;1;0;;0;-1000.35
2021.09.21 12:00:00;452;EURUSD.TDS;2.24674;0.645938;1.97994;1.039117;0.205674;1.97994;1.658824;0.333333;0;1;0.358491;0;0.736842;1.97994;0.395988;0.001914;1;2;0.856689;0;1;0;1;0;;1;358.53
2021.09.24 11:00:00;454;EURUSD.TDS;1.764848;0.305455;1.713939;0.509091;0.287129;2.562424;1.175786;0.0;0;1;1.638889;0;1.909827;6.787879;0.754209;0.002094;1;6;0.630931;0;1;0;1;0;;0;-1000.08
2021.11.01 16:00:00;456;EURUSD.TDS;0.913043;0.598551;1.136232;0.568116;0.267857;2.952174;1.078998;0.666667;0;1;4.445783;0;3.643159;6.442029;0.585639;0.001743;0;3;0.838626;0;1;1;0;1;;0;-1000.15
2021.12.03 17:00:00;458;EURUSD.TDS;3.159261;0.943585;1.845232;1.195207;0.333333;2.823764;2.147214;0.333333;0;1;0.282178;0;0.726115;2.823764;0.564753;0.005564;1;1;1.024556;0;0;1;0;1;;1;282.72
2021.12.27 11:00:00;460;EURUSD.TDS;1.221594;1.160075;2.135593;1.546767;0.078189;1.801632;2.037736;0.0;0;1;0.40991;0;0.767932;3.383553;0.483365;0.005013;1;1;1.109899;0;1;0;1;0;;1;409.5
2021.12.30 16:00:00;462;EURUSD.TDS;2.172266;1.470984;3.455101;3.386683;0.014851;4.618204;3.903382;0.333333;1;1;0.09828;0;0.29819;3.549175;1.183058;0.013917;1;1;1.238166;0;1;1;0;1;;1;98.4
2022.02.11 16:00:00;464;EURUSD.TDS;1.399392;0.669274;1.727944;0.924815;0.038732;2.786615;1.579972;0.333333;0;1;0.749091;0;1.242033;2.445893;0.611473;0.003237;1;1;1.131772;0;1;1;0;1;;1;749.84
2022.04.05 12:00:00;466;EURUSD.TDS;1.953226;0.643548;2.596774;1.580645;0.256522;2.370968;2.077687;1.0;1;1;0.354067;0;0.768546;3.996774;0.444086;0.004606;1;1;0.627829;0;1;0;1;0;;1;353.72
2022.04.13 16:00:00;468;EURUSD.TDS;1.583678;0.282025;1.424587;0.940083;0.152284;2.719008;1.461424;1.0;1;1;0.221477;0;0.444231;3.731405;0.621901;0.011616;0;2;0.924514;0;1;1;0;1;;1;221.76
2022.04.28 12:00:00;470;EURUSD.TDS;2.486216;1.52381;2.055138;1.93985;0.02439;3.142857;1.76079;0.333333;1;1;0.712245;0;1.608295;2.130326;1.065163;0.002643;0;1;1.188069;0;1;0;1;0;;1;711.96
2022.06.03 17:00:00;472;EURUSD.TDS;2.733773;0.962596;2.887789;2.148515;0.208;3.134213;3.30251;0.333333;0;1;0.474328;0;1.25799;4.29703;0.477448;0.004436;1;2;1.010101;0;0;1;0;1;;0;-1042.0
2022.08.17 17:00:00;474;EURUSD.TDS;1.591051;0.557494;1.3217;0.526174;0.350711;2.630872;1.514173;0.666667;0;1;1.313084;0;1.643962;4.178076;0.417808;0.004057;1;3;1.142653;0;0;1;0;1;;1;1312.27
2022.09.08 12:00:00;476;EURUSD.TDS;1.987699;1.191184;1.399282;1.162481;0.005128;2.812916;1.009317;0.666667;1;1;0.788018;0;1.209702;1.191184;1.191184;0.001372;1;1;0.720989;0;1;0;1;0;;1;788.31
2022.09.30 11:00:00;478;EURUSD.TDS;2.026499;1.145412;1.924478;1.54422;0.137349;2.355747;1.491733;0.333333;1;1;0.259346;0;0.481115;2.541239;0.42354;0.01139;1;1;0.800841;0;1;0;1;0;;1;259.74
2022.11.08 12:00:00;480;EURUSD.TDS;2.21921;1.394225;2.631703;1.70772;0.00627;4.529169;2.143097;1.0;1;1;0.94704;0;2.209761;5.692398;0.56924;0.003123;1;4;0.623045;0;1;0;1;0;;1;948.48
2022.11.14 12:00:00;2;EURUSD;1.334812;0.889874;1.883222;1.645233;0.120879;2.664449;1.6167;0.333333;1;1;0.381201;0;0.7;2.302291;0.76743;0.006357;1;1;0.850531;0;1;0;1;0;;1;375.68
2022.12.16 11:00:00;4;EURUSD;2.146179;1.66113;2.345515;1.634551;0.13881;2.239203;1.350679;0.0;1;1;0.233553;0;0.463403;1.66113;1.66113;0.005395;1;1;0.749209;0;1;0;1;0;;0;-1007.15
2022.12.23 11:00:00;6;EURUSD;2.091667;1.808333;2.466667;1.966667;0.202703;3.916667;1.908446;0.666667;1;1;1.216216;0;2.36588;5.725;0.715625;0.002904;1;2;0.751943;0;1;0;1;0;;0;-1007.95
2023.01.24 11:00:00;8;EURUSD;1.506264;0.103169;3.033161;1.392778;0.295918;2.238762;2.403925;0.666667;0;1;1.247826;0;2.605707;4.807664;0.400639;0.001788;1;2;0.625545;0;1;0;1;0;;1;1239.01
2023.01.26 16:00:00;10;EURUSD;1.369135;0.791408;2.793669;0.775579;0.164306;3.031091;2.917355;0.666667;0;1;0.895623;0;1.862931;3.031091;0.606218;0.002056;0;2;0.905607;0;1;1;0;1;;0;-1008.22
2023.03.14 16:00:00;12;EURUSD;2.942263;0.732871;2.457275;1.47652;0.221491;2.484219;2.833178;0.666667;1;1;0.716381;0;1.372825;2.484219;0.496844;0.003358;1;2;1.191601;0;1;1;0;1;;0;-1003.21
2023.03.20 11:00:00;14;EURUSD;1.87437;0.34663;2.400734;0.365887;0.195187;2.984869;2.148808;0.0;0;1;0.956667;0;1.646721;2.580468;0.645117;0.002441;1;2;0.887528;0;1;0;1;0;;1;948.59
2023.04.05 16:00:00;16;EURUSD;1.146143;0.435724;2.405954;1.581867;0.204724;2.510149;2.532403;0.666667;0;1;0.662338;0;1.289585;5.503383;0.611487;0.004505;0;3;0.762245;0;1;1;0;1;;0;-1009.7
2023.04.06 12:00:00;18;EURUSD;1.842405;0.534525;1.910642;0.830219;0.363095;2.297319;1.178121;1.0;1;1;0.826816;0;1.596302;2.297319;0.459464;0.001265;1;1;0.59293;0;1;0;1;0;;0;-1012.82
2023.04.17 12:00:00;20;EURUSD;1.379562;0.541606;2.994161;2.759124;0.027304;2.983942;1.915033;0.333333;0;1;0.088319;0;0.281088;2.789781;0.697445;0.009712;1;1;0.832825;0;1;0;1;0;;1;82.1
2023.05.15 12:00:00;22;EURUSD;1.634847;0.570899;1.829472;0.687674;0.184397;2.400371;1.430746;0.666667;0;1;2.086207;0;2.915663;4.100093;0.512512;0.001084;0;3;0.658297;0;1;0;1;0;;0;-1018.68
2023.06.16 12:00:00;24;EURUSD;1.946809;0.468085;1.638298;0.840426;0.194805;2.170213;0.987813;0.666667;0;1;0.706587;0;1.19971;0.468085;0.468085;0.000367;0;1;0.729382;0;1;0;1;0;;1;693.69
2023.08.18 17:00:00;26;EURUSD;1.902081;0.651163;1.98776;1.310894;0.241379;2.561812;2.012142;0.666667;1;1;0.891473;0;1.755725;3.298654;0.412332;0.002193;1;3;1.002493;0;0;1;0;1;;1;813.92
2023.09.01 12:00:00;28;EURUSD;1.616628;0.689761;1.08853;0.808314;0.217822;2.554273;0.818145;0.333333;0;1;1.776786;0;2.151351;1.066975;0.533487;0.00046;1;1;0.749036;0;1;0;1;0;;0;-1019.56
2023.09.15 17:00:00;30;EURUSD;1.636238;0.416321;1.75242;1.103734;0.325967;1.75242;1.795635;0.333333;1;1;0.415205;0;0.640877;1.481328;0.370332;0.002387;1;1;0.882795;0;0;1;0;1;;1;402.87
2023.09.19 11:00:00;32;EURUSD;1.079108;0.141988;2.868154;2.243408;0.039604;1.547667;2.140964;0.0;0;1;0.227979;0;0.571429;4.415822;0.441582;0.005442;1;3;0.643236;0;1;0;1;0;;1;216.84
2023.09.26 17:00:00;34;EURUSD;0.961691;0.59181;1.96037;1.27609;0.316038;3.273448;2.140333;0.666667;0;1;1.321429;0;1.842324;3.273448;0.65469;0.001921;0;1;0.929646;0;0;1;0;1;;1;1308.32
2023.09.28 16:00:00;36;EURUSD;0.871565;0.141335;3.109366;1.813797;0.012626;3.588334;3.014846;0.666667;0;1;0.769821;0;1.972846;6.203029;0.516919;0.004004;0;2;1.248597;0;1;1;0;1;;0;-1006.37
2023.10.10 11:00:00;38;EURUSD;1.365854;0.009485;1.707317;0.96748;0.038889;1.9729;1.496881;0.0;0;1;0.672414;0;1.204412;1.915989;0.478997;0.001677;1;1;0.645624;0;1;0;1;0;;1;660.58
2023.11.10 17:00:00;40;EURUSD;1.408177;0.635951;1.744322;1.453602;0.119792;3.225178;1.52502;0.666667;0;1;0.83;0;1.402535;3.225178;0.645036;0.002531;1;2;1.077275;0;0;1;0;1;;0;-1001.61
2023.12.07 17:00:00;42;EURUSD;2.930586;1.59436;1.647505;1.518438;0.0;3.211497;1.849169;0.666667;0;1;0.532143;0;1.045614;2.87744;1.43872;0.003625;0;2;1.008319;0;0;1;0;1;;0;-1007.31
2024.01.19 12:00:00;44;EURUSD;1.65617;0.250213;1.620426;0.679149;0.147059;1.441702;1.175454;0.333333;1;1;0.446667;0;0.768223;1.429787;0.357447;0.001562;1;3;0.713889;0;1;0;1;0;;1;432.36
2024.01.22 12:00:00;46;EURUSD;1.612193;0.675699;1.469941;0.628281;0.419355;3.034716;1.238143;0.333333;1;1;1.242424;0;1.393204;1.529213;0.764606;0.000926;1;1;0.705633;0;1;0;1;0;;0;-1021.89
2024.02.08 12:00:00;48;EURUSD;2.39173;0.426551;1.630033;0.868335;0.121495;1.767138;1.198208;0.333333;1;1;0.387755;0;0.821833;1.051143;0.525571;0.00084;1;1;0.643281;0;1;0;1;0;;0;-1014.25
2024.02.13 11:00:00;50;EURUSD;1.768421;0.088421;1.812632;0.530526;0.430894;1.503158;1.490909;0.0;1;1;0.666667;0;0.936087;1.370526;0.342632;0.000993;1;1;0.77455;0;1;0;1;0;;1;645.31
2024.03.25 12:00:00;52;EURUSD;2.093694;0.012613;1.273874;0.491892;0.386139;2.156757;1.095445;0.333333;1;1;0.596154;0;0.741247;0.012613;0.012613;1.3e-05;1;1;0.854395;0;1;0;1;0;;1;575.61
2024.05.17 11:00:00;54;EURUSD;1.531532;0.27027;1.945946;0.684685;0.12963;1.801802;1.463415;0.0;1;1;0.473684;0;0.773956;1.495495;0.498498;0.001072;1;2;0.691812;0;1;0;1;0;;1;450.99
2024.07.01 17:00:00;56;EURUSD;0.835821;0.080367;0.892078;0.522388;0.396396;3.078071;0.987984;0.333333;0;1;1.398693;0;1.66537;2.9093;0.727325;0.002174;0;1;1.302783;0;0;1;0;1;;0;-1014.67
2024.07.11 11:00:00;58;EURUSD;1.438356;0.076712;1.457534;1.054795;0.065789;1.284932;1.320591;0.0;1;1;0.067568;0;0.096154;1.131507;0.282877;0.006136;1;1;0.643895;0;1;0;1;0;;1;38.26
2024.08.21 12:00:00;60;EURUSD;2.617886;0.497967;1.621951;0.583333;0.350877;1.038618;1.212121;0.666667;1;1;1.740741;0;1.922103;1.920732;0.320122;0.000702;0;2;0.810346;0;1;0;1;0;;0;-1027.79
2024.09.04 16:00:00;62;EURUSD;1.411444;0.35604;1.614896;0.279746;0.0;1.525886;1.53753;0.666667;1;1;0.793651;0;1.230228;0.8901;0.2967;0.000569;1;1;0.781964;0;1;1;0;1;;1;776.43
2024.09.26 11:00:00;64;EURUSD;1.217949;0.487179;3.128205;2.397436;0.04918;2.230769;2.059941;0.333333;0;1;0.573276;0;1.588737;4.25641;0.472934;0.00209;1;3;0.742854;0;1;0;1;0;;0;-1009.54
2024.10.25 11:00:00;66;EURUSD;1.454318;1.086358;2.400501;1.489362;0.233577;2.330413;1.765464;0.0;0;1;0.528302;0;0.982456;3.294118;0.470588;0.001914;1;3;0.658307;0;1;0;1;0;;1;507.65
2024.10.30 16:00:00;68;EURUSD;1.976362;0.946815;3.042679;2.730138;0.02719;2.877216;3.22298;0.333333;0;1;0.446629;0;1.227122;2.371635;0.790545;0.002102;1;1;1.369677;0;1;1;0;1;;1;440.69
2024.11.01 16:00:00;70;EURUSD;4.817099;1.795375;2.35459;1.726699;0.129167;2.982481;2.492212;0.333333;1;1;0.443243;0;1.403423;2.747022;0.915674;0.001995;1;2;1.093912;0;1;1;0;1;;1;436.94
2024.12.12 17:00:00;72;EURUSD;2.656994;0.349391;3.940801;2.795125;0.024742;3.315148;4.186448;0.333333;0;1;0.232465;0;0.75711;3.112014;0.778003;0.005059;1;1;1.124444;0;0;1;0;1;;0;-1002.19
2024.12.20 12:00:00;74;EURUSD;1.809886;0.842839;1.481622;0.833967;0.42515;2.998733;1.133356;0.333333;0;1;2.551282;0;3.517677;2.288973;0.762991;0.000733;0;1;0.772898;0;1;0;1;0;;0;-1013.29
2025.01.31 11:00:00;76;EURUSD;1.448043;0.642823;1.772837;1.339778;0.145038;1.339778;1.389552;0.0;0;1;0.264085;0;0.47043;1.475109;0.245851;0.004634;1;1;1.058311;0;1;0;1;0;;1;256.69
2025.02.07 17:00:00;78;EURUSD;4.552147;0.773006;2.00409;1.46728;0.171429;2.956033;2.185792;0.666667;0;1;0.811966;0;1.9;0.773006;0.773006;0.000568;1;1;0.907182;0;0;1;0;1;;0;-1006.25
2025.03.27 11:00:00;80;EURUSD;1.531961;0.591549;1.607801;0.8039;0.04717;3.00325;1.315545;0.0;1;1;0.513889;0;0.787234;1.456121;0.728061;0.002439;1;2;1.012142;0;1;0;1;0;;1;503.94
2025.05.05 12:00:00;82;EURUSD;1.158709;0.853115;1.362437;0.853115;0.303738;2.298317;0.963747;0.333333;1;1;1.384106;0;1.300444;1.5598;0.519933;0.001884;1;1;0.810358;0;1;0;1;0;;1;1368.56
2025.05.20 12:00:00;84;EURUSD;1.805986;1.350877;2.087719;1.278638;0.380623;4.124871;1.946783;0.666667;0;1;2.040609;0;2.674905;4.124871;0.824974;0.002135;1;2;0.873471;0;1;0;1;0;;0;-1012.22
2025.06.17 11:00:00;86;EURUSD;1.582192;0.335616;1.454338;0.335616;0.692308;1.38242;1.329923;0.333333;1;1;1.082759;0;1.216381;1.334475;0.333619;0.001373;1;1;0.700472;0;1;0;1;0;;0;-1016.47
2025.06.20 12:00:00;88;EURUSD;0.811721;0.034913;1.317955;0.558603;0.264901;2.330424;1.170089;0.333333;1;1;0.798387;0;0.836451;1.160848;0.386949;0.00159;1;2;0.731687;0;1;0;1;0;;1;779.35
2025.07.22 12:00:00;90;EURUSD;1.268335;0.567731;2.33132;1.497843;0.259067;2.101812;1.789522;1.0;1;1;1.083333;0;2.01105;4.264021;0.533003;0.001755;1;1;0.600039;0;1;0;1;0;;0;-1013.5
2025.08.22 17:00:00;92;EURUSD;0.948622;0.416977;2.251675;0.865227;0.12963;2.606106;2.376238;0.333333;1;1;1.045198;0;1.72093;2.856292;0.476049;0.001592;0;2;0.889532;0;0;1;0;1;;0;-1013.18
2025.08.25 11:00:00;94;EURUSD;1.79164;1.269453;2.142765;1.530547;0.138655;2.466881;1.357285;0.0;1;1;0.170306;0;0.344045;2.223794;0.741265;0.007179;1;1;0.861264;0;1;0;1;0;;1;160.21
2025.09.23 12:00:00;96;EURUSD;2.022427;0.360158;1.967018;1.080475;0.126761;2.484169;1.762516;0.333333;0;1;0.700405;0;1.459916;2.419525;0.604881;0.001795;1;2;0.845316;0;1;0;1;0;;0;-1082.98
2025.09.26 11:00:00;98;EURUSD;1.158105;0.252168;1.372915;0.625751;0.312925;2.278853;0.991234;0.333333;0;1;2.5;0;2.660677;4.45497;0.556871;0.001793;0;3;0.848775;0;1;0;1;0;;0;-1021.14
2025.10.15 17:00:00;100;EURUSD;1.177966;0.211864;1.805085;0.813559;0.211268;2.076271;2.00754;0.333333;1;1;1.076923;0;1.394636;1.728814;0.432203;0.001463;1;1;0.92775;0;0;1;0;1;;1;1063.65
2025.10.16 12:00:00;102;EURUSD;1.343137;0.205882;1.107843;0.686275;0.106195;2.137255;0.928894;0.333333;1;1;1.050633;0;1.608304;2.137255;0.427451;0.001355;1;2;0.761504;0;1;0;1;0;;1;1036.0
2025.10.28 12:00:00;104;EURUSD;1.701724;0.362069;1.665517;0.57931;0.137681;2.027586;1.547953;0.333333;1;1;0.925;0;1.261364;1.665517;0.416379;0.001094;1;2;0.904267;0;1;0;1;0;;0;-1019.0
2025.11.10 12:00:00;106;EURUSD;1.470245;0.383897;0.800467;0.326721;0.418367;2.368728;0.778705;0.666667;1;1;1.785235;0;2.272117;3.275379;0.545897;0.001765;1;3;1.141516;0;1;0;1;0;;1;1769.37
2025.11.12 11:00:00;108;EURUSD;1.094463;0.243214;1.626493;1.018458;0.028037;2.584148;1.208357;0.0;0;1;0.663636;0;1.038618;1.824104;0.608035;0.001155;1;1;0.680691;0;1;0;1;0;;1;642.54
2025.11.17 11:00:00;110;EURUSD;1.083789;0.752277;2.040073;1.275046;0.25625;2.894353;1.420328;0.0;1;1;0.689076;0;0.977021;1.644809;0.822404;0.00132;1;1;0.785906;0;1;0;1;0;;1;669.32
2025.11.26 17:00:00;112;EURUSD;2.596364;1.454545;2.530909;1.92;0.091954;2.967273;2.680015;0.333333;0;1;0.536278;0;1.090742;2.967273;0.593455;0.003741;1;2;1.286936;0;0;1;0;1;;1;528.19
2025.12.09 11:00:00;114;EURUSD;1.311475;0.672131;2.606557;0.803279;0.295597;2.098361;1.816105;0.0;1;1;0.482143;0;0.808556;1.491803;0.745902;0.001125;1;1;0.719491;0;1;0;1;0;;1;461.41
2025.12.31 16:00:00;116;EURUSD;1.298084;0.84751;1.920307;1.405364;0.03352;3.862069;1.988889;0.333333;1;1;1.258621;0;2.136585;3.443678;0.86092;0.001502;1;1;1.096801;0;1;1;0;1;;0;-972.25
2026.01.26 11:00:00;118;EURUSD;1.190136;0.572356;0.985724;0.654121;0.299539;1.721609;1.081485;0.0;1;1;2.6;0;1.985242;3.020766;0.503461;0.00335;0;3;1.593461;0;1;0;1;0;;0;-1013.52
2026.01.27 12:00:00;120;EURUSD;1.428571;0.268908;2.605042;2.386555;0.025806;3.042017;2.084034;0.666667;0;1;0.4677;0;1.357985;5.142857;0.514286;0.004507;0;2;0.922575;0;1;0;1;0;;1;460.84
2026.02.10 16:00:00;122;EURUSD;1.637701;1.020053;2.339572;1.179144;0.32;2.835561;2.426007;0.333333;0;1;1.22093;0;1.819307;6.532086;0.54434;0.003837;1;3;0.959193;0;1;1;0;1;;1;1206.24
2026.02.19 12:00:00;124;EURUSD;1.020295;0.077491;1.162362;0.167897;0.144444;2.105166;0.852676;0.666667;1;1;2.909091;0;2.969697;3.073801;0.384225;0.000801;0;2;0.797138;0;1;0;1;0;;1;2879.16
